journey_id,train_number,train_type,departure_date,year,month,day_of_week,departure_hour,is_weekend,is_night_departure,is_peak_hour,is_festival_season,season,zone,zone_abbr,source_station_category,destination_station_category,distance_km,num_scheduled_stops,scheduled_travel_hours,track_doubled,is_hdn_route,traction_type,is_electrified,psr_count,is_circular_route,is_monsoon_season,is_fog_risk,fog_risk_score,zone_fog_index,zone_congestion_index,season_severity_score,loco_age_years,coach_age_years,has_lhb_coaches,is_rake_shared,maintenance_score,seat_utilisation_pct,is_overloaded,late_incoming_rake,is_special_train,route_historical_ontime_pct,primary_delay_cause,delay_minutes,is_delayed
IR00103158,19687,Intercity Express,2019-11-02,2019,11,5,13,1,0,0,1,Autumn,Northeast Frontier Railway (NFR),NFR,B,D,419,11,7.62,1,0,Diesel,0,4,0,0,0,0.0,0.22,0.58,0.3,12.7,45.0,1,0,5.9,74.1,0,0,0,77.9,On Time,12,0
IR00468536,74396,DEMU/MEMU,2018-01-20,2018,1,5,18,1,0,1,1,Winter/Fog,Eastern Railway (ER),ER,B,B,248,18,5.9,1,0,Electric (25kV AC),1,3,0,0,0,0.0,0.32,0.95,0.78,25.4,22.3,0,1,8.9,90.8,0,1,0,52.9,Late Incoming Rake,142,1
IR00190006,74127,DEMU/MEMU,2024-02-13,2024,2,1,15,0,0,0,0,Winter/Fog,East Central Railway (ECR),ECR,C,E,217,12,5.17,0,0,Diesel,0,2,0,0,0,0.0,0.55,0.88,0.72,25.1,35.6,0,0,4.8,72.4,0,0,0,40.8,Track Congestion,179,1
IR00489616,11621,Mail/Express,2018-06-08,2018,6,4,21,0,0,0,0,Monsoon,East Coast Railway (ECoR),ECoR,A1,D,883,10,16.98,1,0,Diesel,0,5,1,1,0,0.0,0.18,0.7,0.82,10.1,29.8,0,0,4.9,86.1,0,0,0,60.2,Flooding / Waterlogging,115,1
IR01743650,11438,Mail/Express,2022-01-21,2022,1,4,12,0,0,0,0,Winter/Fog,Western Railway (WR),WR,D,D,384,10,7.38,0,0,Electric (25kV AC),1,2,0,0,0,0.0,0.05,0.83,0.78,15.0,28.5,0,0,5.6,80.4,0,0,0,44.2,Freight Priority,110,1
IR00555828,11787,Mail/Express,2018-10-02,2018,10,1,7,0,0,1,1,Post-Monsoon,North Western Railway (NWR),NWR,A,A,652,10,12.54,0,1,Electric (25kV AC),1,2,0,0,0,0.0,0.58,0.75,0.42,6.8,20.4,1,0,6.8,86.9,0,1,0,58.7,Late Incoming Rake,118,1
IR01666711,12481,Sampark Kranti Express,2019-12-17,2019,12,1,6,0,0,1,0,Winter/Fog,East Coast Railway (ECoR),ECoR,A1,A1,974,19,15.71,1,0,Electric (25kV AC),1,0,0,0,0,0.18,0.18,0.7,0.65,4.5,1.3,1,0,8.2,62.7,0,1,0,73.5,Station Congestion,175,1
IR00213352,12707,Rajdhani Express,2021-02-17,2021,2,2,16,0,0,0,0,Winter/Fog,Northern Railway (NR),NR,A1,E,1072,9,13.74,1,0,Electric (25kV AC),1,5,0,0,0,0.0,0.88,0.92,0.72,18.6,17.9,1,0,4.4,88.2,0,0,0,58.0,Track Congestion,102,1
IR01167733,12381,Jan Shatabdi Express,2019-11-22,2019,11,4,16,0,0,0,1,Autumn,South Eastern Railway (SER),SER,C,E,525,14,9.05,0,1,Electric (25kV AC),1,3,0,0,0,0.0,0.22,0.74,0.3,11.0,14.1,0,0,10.0,73.2,0,0,1,49.9,Unscheduled Halt,109,1
IR00294321,11718,Mail/Express,2024-02-25,2024,2,6,17,1,0,1,0,Winter/Fog,Central Railway (CR),CR,C,B,497,15,9.56,1,0,Electric (25kV AC),1,3,0,0,0,0.0,0.05,0.85,0.72,10.0,28.1,1,0,6.6,72.6,0,0,0,63.0,On Time,8,0
IR01431363,19668,Intercity Express,2019-04-28,2019,4,6,8,1,0,1,0,Summer,South Eastern Railway (SER),SER,A,E,286,14,5.2,1,1,Electric (25kV AC),1,4,0,0,0,0.0,0.22,0.74,0.28,24.6,9.8,1,0,7.3,92.4,0,0,1,62.8,On Time,14,0
IR00099080,74253,DEMU/MEMU,2020-07-02,2020,7,3,14,0,0,0,0,Monsoon,North Western Railway (NWR),NWR,E,C,163,13,3.88,0,0,Electric (25kV AC),1,2,0,1,0,0.0,0.58,0.75,0.88,8.2,16.2,0,1,10.0,62.7,0,0,0,47.2,Track Maintenance / PSR,110,1
IR00403587,11578,Mail/Express,2020-09-12,2020,9,5,16,1,0,0,0,Monsoon,East Central Railway (ECR),ECR,A1,E,607,13,11.67,0,0,Electric (25kV AC),1,1,0,1,0,0.0,0.55,0.88,0.78,3.1,23.2,1,0,6.2,78.5,0,1,0,38.2,Flooding / Waterlogging,295,1
IR01766825,12564,Rajdhani Express,2018-06-15,2018,6,4,20,0,0,1,1,Monsoon,Western Railway (WR),WR,E,C,1421,12,18.22,1,0,Electric (25kV AC),1,6,0,1,0,0.0,0.05,0.83,0.82,19.0,6.3,1,1,7.0,91.3,0,1,0,65.8,Flooding / Waterlogging,102,1
IR00437666,11725,Mail/Express,2021-04-05,2021,4,0,7,0,0,1,0,Summer,Northern Railway (NR),NR,C,A1,575,10,11.06,0,1,Diesel,0,3,0,0,0,0.0,0.88,0.92,0.28,12.7,21.7,1,1,9.1,96.9,0,0,0,58.1,Technical Inspection,94,1
IR01435935,12841,Gatimaan Express,2018-06-08,2018,6,4,23,0,1,0,1,Monsoon,South Eastern Railway (SER),SER,D,A,328,6,3.64,1,0,Electric (25kV AC),1,2,1,1,0,0.0,0.22,0.74,0.82,19.6,24.3,1,0,7.4,57.1,0,0,0,88.0,On Time,11,0
IR00012246,12496,Shatabdi Express,2022-04-12,2022,4,1,21,0,0,0,0,Summer,South Western Railway (SWR),SWR,A,E,413,9,5.51,1,0,Diesel,0,3,0,0,0,0.0,0.02,0.6,0.28,20.2,13.0,1,0,6.5,51.8,0,0,0,71.2,On Time,5,0
IR01578758,12743,Superfast Express,2020-04-26,2020,4,6,1,1,1,0,0,Summer,East Central Railway (ECR),ECR,D,D,670,13,11.17,1,0,Electric (25kV AC),1,2,0,0,0,0.0,0.55,0.88,0.28,14.7,27.0,0,1,4.4,85.8,0,0,0,65.3,On Time,7,0
IR01243132,19572,Intercity Express,2018-10-15,2018,10,0,17,0,0,1,0,Post-Monsoon,North Eastern Railway (NER),NER,D,B,565,14,10.27,1,1,Electric (25kV AC),1,5,0,0,0,0.0,0.78,0.82,0.42,7.3,9.7,0,0,5.3,84.6,0,1,1,54.4,Late Incoming Rake,124,1
IR00699066,22204,Vande Bharat Express,2021-09-04,2021,9,5,8,1,0,1,1,Monsoon,East Central Railway (ECR),ECR,A1,A1,936,17,9.85,0,1,Electric (25kV AC),1,5,0,1,0,0.0,0.55,0.88,0.78,8.6,22.0,0,0,4.1,86.3,0,0,0,47.3,Track Congestion,62,1
IR00854152,12513,Duronto Express,2023-11-08,2023,11,2,9,0,0,0,0,Autumn,Eastern Railway (ER),ER,E,E,1442,6,20.03,1,0,Diesel,0,3,0,0,0,0.0,0.32,0.95,0.3,12.3,36.5,1,0,9.4,59.3,0,0,1,46.0,Technical Inspection,105,1
IR01214005,12790,Garib Rath Express,2022-06-16,2022,6,3,22,0,1,0,0,Monsoon,South Western Railway (SWR),SWR,E,E,1092,13,16.8,1,0,Diesel,0,2,0,1,0,0.0,0.02,0.6,0.82,16.4,18.0,0,1,3.7,68.6,0,0,0,95.0,Track Maintenance / PSR,85,1
IR01751215,12276,Superfast Express,2021-07-29,2021,7,3,8,0,0,1,0,Monsoon,North Central Railway (NCR),NCR,E,E,885,9,14.75,1,0,Diesel,0,4,0,1,0,0.0,0.82,0.9,0.88,12.2,17.2,1,0,5.7,67.0,0,0,0,72.6,Track Congestion,116,1
IR00023698,12767,Jan Shatabdi Express,2020-02-22,2020,2,5,16,1,0,0,1,Winter/Fog,Central Railway (CR),CR,E,E,314,17,5.41,0,0,Electric (25kV AC),1,2,0,0,0,0.0,0.05,0.85,0.72,10.0,6.9,0,0,8.0,76.6,0,1,0,58.3,Track Congestion,132,1
IR00787398,11395,Mail/Express,2024-09-07,2024,9,5,9,1,0,0,0,Monsoon,North Western Railway (NWR),NWR,E,B,714,6,13.73,0,0,Electric (25kV AC),1,0,0,1,0,0.0,0.58,0.75,0.78,9.9,17.4,1,1,6.9,82.8,0,1,1,56.8,Flooding / Waterlogging,198,1
IR00431664,51532,Passenger Train,2021-04-16,2021,4,4,18,0,0,1,0,Summer,North Central Railway (NCR),NCR,D,A,357,7,9.39,0,1,Electric (25kV AC),1,7,0,0,0,0.0,0.82,0.9,0.28,31.6,6.9,0,1,4.5,62.6,0,0,0,52.2,Signal Failure,140,1
IR00102651,74542,DEMU/MEMU,2024-12-15,2024,12,6,16,1,0,0,0,Winter/Fog,South Eastern Railway (SER),SER,E,D,88,13,2.1,1,0,Electric (25kV AC),1,2,0,0,0,0.0,0.22,0.74,0.65,40.0,28.5,0,0,8.0,96.8,0,1,0,52.8,Late Incoming Rake,182,1
IR01628183,11586,Mail/Express,2022-03-31,2022,3,3,5,0,0,0,1,Summer,Northeast Frontier Railway (NFR),NFR,D,B,571,16,10.98,1,0,Electric (25kV AC),1,3,0,0,0,0.0,0.22,0.58,0.25,7.5,16.4,1,1,3.5,91.8,0,0,0,72.2,On Time,4,0
IR00420763,11177,Mail/Express,2019-11-06,2019,11,2,13,0,0,0,0,Autumn,Central Railway (CR),CR,B,C,442,12,8.5,0,0,Dual,1,5,0,0,0,0.0,0.05,0.85,0.3,1.5,14.3,0,0,7.7,91.4,0,0,0,43.3,Level Crossing Delay,98,1
IR00715868,11245,Mail/Express,2021-04-06,2021,4,1,10,0,0,0,0,Summer,North Western Railway (NWR),NWR,E,D,601,14,11.56,1,0,Electric (25kV AC),1,4,0,0,0,0.0,0.58,0.75,0.28,15.0,14.7,1,0,6.7,70.3,0,0,0,72.7,On Time,10,0
IR01748417,11759,Mail/Express,2020-09-23,2020,9,2,13,0,0,0,0,Monsoon,North Central Railway (NCR),NCR,C,C,384,6,7.38,1,1,Electric (25kV AC),1,3,0,1,0,0.0,0.82,0.9,0.78,13.2,28.0,0,0,7.9,66.4,0,0,0,61.7,Track Congestion,161,1
IR01390162,74534,DEMU/MEMU,2019-03-04,2019,3,0,10,0,0,0,0,Summer,South East Central Railway (SECR),SECR,D,A,190,8,4.52,1,0,Electric (25kV AC),1,3,0,0,0,0.0,0.28,0.68,0.25,6.4,19.4,1,0,4.1,37.4,0,0,0,70.7,Level Crossing Delay,110,1
IR00269740,74279,DEMU/MEMU,2021-03-18,2021,3,3,23,0,1,0,0,Summer,Central Railway (CR),CR,B,B,137,17,3.26,1,0,Electric (25kV AC),1,2,0,0,0,0.0,0.05,0.85,0.25,18.2,19.5,0,0,6.4,64.8,0,0,0,67.2,Level Crossing Delay,120,1
IR00568193,19110,Intercity Express,2020-05-18,2020,5,0,13,0,0,0,0,Pre-Monsoon,Western Railway (WR),WR,D,D,270,13,4.91,0,1,Electric (25kV AC),1,1,0,0,0,0.0,0.05,0.83,0.35,12.6,31.2,0,0,8.4,56.3,0,1,0,68.7,Track Congestion,123,1
IR01779704,12846,Garib Rath Express,2018-03-11,2018,3,6,21,1,0,0,0,Summer,North Central Railway (NCR),NCR,A1,C,1257,14,19.34,1,0,Electric (25kV AC),1,0,0,0,0,0.0,0.82,0.9,0.25,14.7,45.0,0,1,9.2,79.2,0,0,0,64.2,On Time,11,0
IR00122195,22954,Humsafar Express,2022-01-24,2022,1,0,15,0,0,0,0,Winter/Fog,South Eastern Railway (SER),SER,D,E,801,5,12.32,1,1,Electric (25kV AC),1,4,0,0,0,0.0,0.22,0.74,0.78,1.7,16.7,1,0,7.2,36.7,0,0,0,73.9,On Time,6,0
IR00754582,11104,Mail/Express,2020-12-26,2020,12,5,17,1,0,1,0,Winter/Fog,South East Central Railway (SECR),SECR,A,C,314,11,6.04,1,0,Diesel,0,2,0,0,0,0.0,0.28,0.68,0.65,8.8,32.6,1,1,8.1,82.5,0,1,0,58.7,Late Incoming Rake,195,1
IR00376023,12148,Superfast Express,2021-03-04,2021,3,3,4,0,1,0,0,Summer,North Central Railway (NCR),NCR,D,B,705,15,11.75,0,0,Electric (25kV AC),1,0,1,0,0,0.0,0.82,0.9,0.25,11.2,12.4,0,1,7.5,92.6,0,0,1,54.8,On Time,14,0
IR01859384,12790,Superfast Express,2024-06-17,2024,6,0,17,0,0,1,1,Monsoon,North Eastern Railway (NER),NER,D,A,793,9,13.22,1,1,Diesel,0,3,0,1,0,0.0,0.78,0.82,0.82,8.1,16.9,1,1,6.8,67.7,0,1,0,46.3,Track Maintenance / PSR,127,1
IR01005990,22785,Vande Bharat Express,2021-12-20,2021,12,0,5,0,0,0,0,Winter/Fog,East Coast Railway (ECoR),ECoR,A,A,359,16,3.78,1,0,Electric (25kV AC),1,6,0,0,0,0.18,0.18,0.7,0.65,7.1,45.0,0,1,4.8,30.0,0,1,0,76.9,On Time,7,0
IR01184973,12154,Superfast Express,2024-07-16,2024,7,1,9,0,0,0,0,Monsoon,North Central Railway (NCR),NCR,E,E,721,19,12.02,1,0,Electric (25kV AC),1,1,0,1,0,0.0,0.82,0.9,0.88,5.1,12.5,0,1,9.2,90.5,0,0,0,44.5,Flooding / Waterlogging,143,1
IR00758662,19770,Intercity Express,2022-07-18,2022,7,0,13,0,0,0,0,Monsoon,South Central Railway (SCR),SCR,A1,C,406,13,7.38,1,1,Electric (25kV AC),1,4,0,1,0,0.0,0.04,0.72,0.88,7.8,16.5,0,1,6.5,86.6,0,0,0,68.2,Track Congestion,157,1
IR01334759,74908,DEMU/MEMU,2023-08-28,2023,8,0,23,0,1,0,0,Monsoon,North Central Railway (NCR),NCR,E,A,185,8,4.4,1,1,Diesel,0,1,0,1,0,0.0,0.82,0.9,0.9,15.1,3.2,1,0,3.7,74.6,0,1,1,43.2,Flooding / Waterlogging,185,1
IR01361661,19509,Intercity Express,2021-07-30,2021,7,4,7,0,0,1,0,Monsoon,North Central Railway (NCR),NCR,D,D,347,10,6.31,1,0,Dual,1,7,0,1,0,0.0,0.82,0.9,0.88,17.6,15.3,0,0,6.3,61.1,0,0,0,49.2,Track Congestion,105,1
IR00400826,51372,Passenger Train,2019-07-02,2019,7,1,20,0,0,1,0,Monsoon,East Coast Railway (ECoR),ECoR,E,A1,321,9,8.45,1,1,Electric (25kV AC),1,4,0,1,0,0.0,0.18,0.7,0.88,40.0,21.2,1,0,2.5,71.2,0,0,0,55.5,Flooding / Waterlogging,158,1
IR01729856,22344,Vande Bharat Express,2019-04-04,2019,4,3,23,0,1,0,1,Summer,South Eastern Railway (SER),SER,C,A,284,10,2.99,0,0,Electric (25kV AC),1,3,0,0,0,0.0,0.22,0.74,0.28,1.2,28.7,1,1,9.6,91.6,0,1,0,59.6,On Time,4,0
IR01572574,74205,DEMU/MEMU,2022-06-12,2022,6,6,5,1,0,0,0,Monsoon,Eastern Railway (ER),ER,E,B,164,15,3.9,1,0,Electric (25kV AC),1,5,0,1,0,0.0,0.32,0.95,0.82,24.6,18.8,1,0,5.0,72.5,0,0,0,47.0,Track Maintenance / PSR,255,1
IR01171238,11532,Mail/Express,2018-08-04,2018,8,5,7,1,0,1,0,Monsoon,Central Railway (CR),CR,A,A,665,5,12.79,1,1,Electric (25kV AC),1,1,0,1,0,0.0,0.05,0.85,0.9,12.6,14.1,0,1,5.8,69.2,0,0,0,56.3,Flooding / Waterlogging,127,1
IR01839917,12574,Jan Shatabdi Express,2023-09-12,2023,9,1,5,0,0,0,0,Monsoon,West Central Railway (WCR),WCR,E,E,705,14,12.16,0,0,Electric (25kV AC),1,2,0,1,0,0.0,0.42,0.8,0.78,22.0,25.2,1,1,6.6,58.7,0,1,0,60.4,Track Maintenance / PSR,155,1
IR00143543,11905,Mail/Express,2021-12-14,2021,12,1,0,0,1,0,0,Winter/Fog,Western Railway (WR),WR,C,C,1026,15,19.73,1,1,Electric (25kV AC),1,1,0,0,0,0.05,0.05,0.83,0.65,35.0,8.8,0,0,5.9,82.5,0,0,0,74.3,Signal Failure,123,1
IR00936097,11897,Mail/Express,2023-01-29,2023,1,6,17,1,0,1,0,Winter/Fog,Southern Railway (SR),SR,A1,A,694,10,13.35,1,0,Electric (25kV AC),1,5,0,0,0,0.0,0.02,0.65,0.78,40.0,36.9,1,0,1.8,88.1,0,1,0,74.9,Late Incoming Rake,123,1
IR01769320,51679,Passenger Train,2023-06-28,2023,6,2,18,0,0,1,0,Monsoon,South Eastern Railway (SER),SER,B,E,342,13,9.0,1,0,Electric (25kV AC),1,6,0,1,0,0.0,0.22,0.74,0.82,40.0,18.1,0,1,10.0,92.6,0,0,1,61.9,Track Maintenance / PSR,174,1
IR00177425,19454,Intercity Express,2018-03-04,2018,3,6,11,1,0,0,0,Summer,North Central Railway (NCR),NCR,C,D,298,16,5.42,1,0,Diesel,0,4,0,0,0,0.0,0.82,0.9,0.25,0.7,38.2,0,1,7.2,80.6,0,0,0,59.4,On Time,13,0
IR00292613,12757,Superfast Express,2023-10-01,2023,10,6,18,1,0,1,0,Post-Monsoon,East Coast Railway (ECoR),ECoR,B,A,977,10,16.28,1,0,Electric (25kV AC),1,5,0,0,0,0.0,0.18,0.7,0.42,8.8,27.3,1,0,5.1,95.3,0,0,0,70.8,Unscheduled Halt,101,1
IR01072798,12261,Shatabdi Express,2019-08-29,2019,8,3,18,0,0,1,0,Monsoon,Southern Railway (SR),SR,B,D,439,5,5.85,1,0,Electric (25kV AC),1,3,0,1,0,0.0,0.02,0.65,0.9,3.5,7.0,0,0,3.9,68.4,0,0,0,67.0,Flooding / Waterlogging,74,1
IR00634519,12991,Jan Shatabdi Express,2019-02-05,2019,2,1,14,0,0,0,0,Winter/Fog,Eastern Railway (ER),ER,E,B,291,13,5.02,1,1,Dual,1,3,0,0,0,0.0,0.32,0.95,0.72,20.6,27.4,1,1,5.4,91.6,0,0,0,66.1,Passenger Emergency,131,1
IR01637366,19245,Intercity Express,2022-05-02,2022,5,0,11,0,0,0,0,Pre-Monsoon,East Central Railway (ECR),ECR,D,B,379,5,6.89,0,0,Dual,1,4,0,0,0,0.0,0.55,0.88,0.35,4.3,29.0,0,0,7.4,65.6,0,1,0,52.7,Late Incoming Rake,123,1
IR00572219,12744,Garib Rath Express,2023-04-23,2023,4,6,18,1,0,1,0,Summer,Northeast Frontier Railway (NFR),NFR,C,A1,602,15,9.26,0,1,Electric (25kV AC),1,3,0,0,0,0.0,0.22,0.58,0.28,6.4,20.1,0,0,3.4,75.9,0,0,0,71.1,On Time,3,0
IR01504219,22644,Vande Bharat Express,2023-07-05,2023,7,2,6,0,0,1,0,Monsoon,South Eastern Railway (SER),SER,E,D,481,7,5.06,0,0,Electric (25kV AC),1,1,0,1,0,0.0,0.22,0.74,0.88,40.0,15.0,1,1,6.2,69.1,0,0,0,69.6,Flooding / Waterlogging,177,1
IR00851086,11478,Mail/Express,2022-12-18,2022,12,6,16,1,0,0,0,Winter/Fog,Northeast Frontier Railway (NFR),NFR,D,D,506,14,9.73,0,0,Electric (25kV AC),1,1,0,0,0,0.0,0.22,0.58,0.65,5.5,5.5,1,1,6.4,65.6,0,0,0,72.2,On Time,11,0
IR01271601,12522,Superfast Express,2020-01-17,2020,1,4,16,0,0,0,0,Winter/Fog,Western Railway (WR),WR,B,A1,676,11,11.27,1,0,Electric (25kV AC),1,4,0,0,0,0.0,0.05,0.83,0.78,32.3,9.6,0,0,8.5,88.2,0,0,0,66.5,On Time,1,0
IR01813473,11434,Mail/Express,2019-04-27,2019,4,5,17,1,0,1,0,Summer,Western Railway (WR),WR,B,D,531,14,10.21,1,0,Electric (25kV AC),1,7,0,0,0,0.0,0.05,0.83,0.28,40.0,43.7,0,1,5.0,64.6,0,1,1,69.6,Late Incoming Rake,117,1
IR01027149,12323,Duronto Express,2023-10-19,2023,10,3,17,0,0,1,0,Post-Monsoon,North Eastern Railway (NER),NER,C,E,856,17,11.89,1,0,Electric (25kV AC),1,2,0,0,0,0.0,0.78,0.82,0.42,21.6,28.4,0,0,4.5,68.0,0,1,0,65.7,Track Congestion,102,1
IR00948472,74701,DEMU/MEMU,2020-08-14,2020,8,4,12,0,0,0,0,Monsoon,South East Central Railway (SECR),SECR,A,A,144,13,3.43,1,1,Electric (25kV AC),1,5,0,1,0,0.0,0.28,0.68,0.9,12.7,14.6,1,0,7.7,65.0,0,1,0,79.9,Flooding / Waterlogging,138,1
IR01057896,11957,Mail/Express,2022-07-17,2022,7,6,5,1,0,0,0,Monsoon,West Central Railway (WCR),WCR,A,A,460,10,8.85,0,0,Electric (25kV AC),1,4,1,1,0,0.0,0.42,0.8,0.88,18.4,17.6,0,0,7.3,79.0,0,0,0,53.0,Track Maintenance / PSR,145,1
IR01542932,12279,Rajdhani Express,2021-04-02,2021,4,4,6,0,0,1,0,Summer,East Central Railway (ECR),ECR,A,E,2140,8,27.44,0,0,Electric (25kV AC),1,5,0,0,0,0.0,0.55,0.88,0.28,2.9,7.8,1,0,4.9,87.7,0,0,0,57.1,On Time,6,0
IR00550082,12562,Superfast Express,2019-07-03,2019,7,2,8,0,0,1,0,Monsoon,South East Central Railway (SECR),SECR,C,D,1300,10,21.67,1,1,Electric (25kV AC),1,3,0,1,0,0.0,0.28,0.68,0.88,7.6,15.8,1,0,7.1,98.1,0,0,1,58.8,On Time,1,0
IR00810028,19908,Intercity Express,2022-11-22,2022,11,1,6,0,0,1,0,Autumn,Northeast Frontier Railway (NFR),NFR,C,A1,275,9,5.0,0,1,Electric (25kV AC),1,4,0,0,0,0.0,0.22,0.58,0.3,3.9,16.0,1,1,4.8,76.6,0,0,1,76.4,On Time,8,0
IR00305937,12778,Gatimaan Express,2023-05-12,2023,5,4,0,0,1,0,0,Pre-Monsoon,West Central Railway (WCR),WCR,A1,A1,346,10,3.84,1,1,Electric (25kV AC),1,1,0,0,0,0.0,0.42,0.8,0.35,10.4,15.8,1,1,3.2,83.4,0,0,0,53.1,On Time,2,0
IR00677406,51372,Passenger Train,2022-10-18,2022,10,1,15,0,0,0,0,Post-Monsoon,Western Railway (WR),WR,A,B,193,13,5.08,0,1,Electric (25kV AC),1,3,0,0,0,0.0,0.05,0.83,0.42,38.5,14.5,0,0,6.2,60.1,0,1,0,51.5,Late Incoming Rake,136,1
IR00780684,51381,Passenger Train,2020-05-24,2020,5,6,17,1,0,1,0,Pre-Monsoon,South Western Railway (SWR),SWR,A1,A,263,18,6.92,1,0,Electric (25kV AC),1,2,1,0,0,0.0,0.02,0.6,0.35,7.1,45.0,0,1,5.6,91.0,0,1,0,91.1,Late Incoming Rake,170,1
IR01791378,19815,Intercity Express,2021-04-13,2021,4,1,19,0,0,1,0,Summer,South East Central Railway (SECR),SECR,B,A1,401,10,7.29,1,0,Electric (25kV AC),1,3,0,0,0,0.0,0.28,0.68,0.28,24.8,10.3,0,0,6.3,61.1,0,1,0,80.0,On Time,6,0
IR00834822,12927,Garib Rath Express,2022-10-27,2022,10,3,18,0,0,1,0,Post-Monsoon,West Central Railway (WCR),WCR,A1,D,831,10,12.78,1,1,Electric (25kV AC),1,5,1,0,0,0.0,0.42,0.8,0.42,22.2,17.9,0,1,7.7,73.4,0,0,1,59.7,Track Congestion,138,1
IR01468547,82957,Tejas Express,2023-06-23,2023,6,4,17,0,0,1,0,Monsoon,Western Railway (WR),WR,E,D,783,14,9.79,0,0,Dual,1,3,0,1,0,0.0,0.05,0.83,0.82,2.0,18.6,1,1,9.0,76.0,0,1,0,72.9,Track Maintenance / PSR,165,1
IR00125712,22429,Humsafar Express,2019-04-12,2019,4,4,10,0,0,0,0,Summer,North Western Railway (NWR),NWR,B,A1,1132,8,17.42,1,0,Electric (25kV AC),1,4,0,0,0,0.0,0.58,0.75,0.28,20.1,19.9,0,1,8.3,48.2,0,0,0,65.7,On Time,8,0
IR00785158,11228,Mail/Express,2021-09-15,2021,9,2,18,0,0,1,0,Monsoon,South Eastern Railway (SER),SER,E,A,674,17,12.96,1,0,Electric (25kV AC),1,6,0,1,0,0.0,0.22,0.74,0.78,6.9,20.7,1,0,6.2,74.0,0,1,0,59.7,Flooding / Waterlogging,151,1
IR00676065,11238,Mail/Express,2018-02-14,2018,2,2,14,0,0,0,0,Winter/Fog,South Eastern Railway (SER),SER,C,D,482,8,9.27,0,1,Diesel,0,1,0,0,0,0.0,0.22,0.74,0.72,21.0,12.8,1,1,8.8,74.7,0,1,0,60.4,Late Incoming Rake,176,1
IR00293676,22641,Humsafar Express,2024-08-24,2024,8,5,7,1,0,1,0,Monsoon,Northeast Frontier Railway (NFR),NFR,A,C,931,10,14.32,1,0,Electric (25kV AC),1,1,0,1,0,0.0,0.22,0.58,0.9,13.6,40.9,1,1,9.5,61.4,0,1,0,74.4,Track Maintenance / PSR,112,1
IR01601777,12808,Superfast Express,2024-12-18,2024,12,2,15,0,0,0,0,Winter/Fog,North Central Railway (NCR),NCR,B,B,738,15,12.3,1,0,Electric (25kV AC),1,5,0,0,0,0.0,0.82,0.9,0.65,11.9,15.4,1,1,3.5,93.6,0,1,0,67.1,Late Incoming Rake,127,1
IR00089702,11516,Mail/Express,2021-07-19,2021,7,0,17,0,0,1,0,Monsoon,North Eastern Railway (NER),NER,C,C,706,6,13.58,1,0,Electric (25kV AC),1,4,0,1,0,0.0,0.78,0.82,0.88,17.8,27.4,0,1,6.9,62.0,0,1,0,56.8,Track Maintenance / PSR,131,1
IR01609349,11666,Mail/Express,2021-03-20,2021,3,5,8,1,0,1,0,Summer,Northeast Frontier Railway (NFR),NFR,E,C,700,15,13.46,1,0,Electric (25kV AC),1,0,0,0,0,0.0,0.22,0.58,0.25,15.3,28.1,0,0,5.2,78.5,0,0,0,68.3,On Time,9,0
IR00817567,11643,Mail/Express,2019-06-01,2019,6,5,18,1,0,1,0,Monsoon,West Central Railway (WCR),WCR,E,D,457,21,8.79,1,1,Electric (25kV AC),1,4,1,1,0,0.0,0.42,0.8,0.82,15.0,25.2,0,1,7.7,45.5,0,0,0,43.5,Flooding / Waterlogging,178,1
IR00899678,74185,DEMU/MEMU,2019-01-19,2019,1,5,21,1,0,0,0,Winter/Fog,Eastern Railway (ER),ER,A,C,173,15,4.12,1,1,Electric (25kV AC),1,1,0,0,0,0.0,0.32,0.95,0.78,11.9,32.6,0,1,6.1,76.1,0,0,0,38.0,Station Congestion,111,1
IR00661630,12669,Garib Rath Express,2019-10-02,2019,10,2,17,0,0,1,0,Post-Monsoon,Northern Railway (NR),NR,C,A,862,11,13.26,1,0,Electric (25kV AC),1,1,0,0,0,0.0,0.88,0.92,0.42,6.7,22.5,1,0,10.0,74.1,0,0,0,61.9,On Time,14,0
IR01854680,11589,Mail/Express,2023-10-22,2023,10,6,6,1,0,1,0,Post-Monsoon,Northeast Frontier Railway (NFR),NFR,B,D,457,11,8.79,0,0,Diesel,0,3,0,0,0,0.0,0.22,0.58,0.42,1.5,19.7,0,0,5.8,99.4,0,0,0,79.2,On Time,9,0
IR01047514,12298,Duronto Express,2022-09-25,2022,9,6,18,1,0,1,0,Monsoon,East Central Railway (ECR),ECR,B,C,837,9,11.62,1,0,Electric (25kV AC),1,2,0,1,0,0.0,0.55,0.88,0.78,7.8,22.8,1,0,6.5,66.5,0,0,1,43.4,Flooding / Waterlogging,78,1
IR01851092,11638,Mail/Express,2020-12-13,2020,12,6,7,1,0,1,0,Winter/Fog,Southern Railway (SR),SR,A1,D,614,14,11.81,0,0,Electric (25kV AC),1,2,0,0,0,0.02,0.02,0.65,0.65,9.3,42.2,1,1,6.3,69.5,0,1,0,61.0,Track Congestion,121,1
IR00456744,12342,Superfast Express,2018-07-04,2018,7,2,18,0,0,1,0,Monsoon,South Western Railway (SWR),SWR,A,C,1048,14,17.47,1,0,Electric (25kV AC),1,3,0,1,0,0.0,0.02,0.6,0.88,4.5,14.6,0,0,6.1,69.6,0,1,1,70.2,Flooding / Waterlogging,150,1
IR00031633,22264,Humsafar Express,2019-09-22,2019,9,6,18,1,0,1,0,Monsoon,Central Railway (CR),CR,E,D,1145,12,17.62,1,1,Electric (25kV AC),1,4,0,1,0,0.0,0.05,0.85,0.78,10.2,12.3,1,0,6.3,86.3,0,1,0,63.0,Track Congestion,114,1
IR01575676,11531,Mail/Express,2018-10-29,2018,10,0,8,0,0,1,0,Post-Monsoon,North Western Railway (NWR),NWR,B,C,423,7,8.13,1,1,Electric (25kV AC),1,4,0,0,0,0.0,0.58,0.75,0.42,5.2,14.9,1,1,6.6,90.6,0,0,0,59.7,On Time,8,0
IR00046981,11430,Mail/Express,2019-09-02,2019,9,0,21,0,0,0,0,Monsoon,North Central Railway (NCR),NCR,A1,C,861,11,16.56,1,0,Electric (25kV AC),1,0,0,1,0,0.0,0.82,0.9,0.78,40.0,45.0,0,0,5.9,77.1,0,0,0,58.0,Track Congestion,97,1
IR01444002,74928,DEMU/MEMU,2019-12-11,2019,12,2,16,0,0,0,0,Winter/Fog,West Central Railway (WCR),WCR,D,D,137,11,3.26,1,1,Electric (25kV AC),1,2,0,0,0,0.0,0.42,0.8,0.65,35.3,45.0,1,1,8.3,53.2,0,0,0,71.2,Station Congestion,141,1
IR01512184,51677,Passenger Train,2021-05-16,2021,5,6,19,1,0,1,0,Pre-Monsoon,Central Railway (CR),CR,E,D,251,10,6.61,0,0,Electric (25kV AC),1,1,0,0,0,0.0,0.05,0.85,0.35,8.2,16.7,0,1,4.7,89.3,0,1,0,54.0,Late Incoming Rake,174,1
IR00104180,12523,Superfast Express,2024-07-08,2024,7,0,19,0,0,1,1,Monsoon,South East Central Railway (SECR),SECR,E,C,511,18,8.52,1,0,Diesel,0,4,0,1,0,0.0,0.28,0.68,0.88,8.3,9.8,1,1,6.8,81.7,0,0,0,62.5,Flooding / Waterlogging,139,1
IR00994933,11464,Mail/Express,2019-01-28,2019,1,0,16,0,0,0,0,Winter/Fog,Western Railway (WR),WR,B,B,619,7,11.9,0,1,Electric (25kV AC),1,3,0,0,0,0.0,0.05,0.83,0.78,21.3,28.8,1,1,8.8,92.4,0,0,0,51.7,Passenger Emergency,153,1
IR01323443,12496,Superfast Express,2018-06-11,2018,6,0,7,0,0,1,0,Monsoon,North Western Railway (NWR),NWR,A1,A,908,10,15.13,1,0,Electric (25kV AC),1,1,0,1,0,0.0,0.58,0.75,0.82,15.3,25.7,1,1,6.3,72.3,0,1,0,74.1,Track Maintenance / PSR,125,1
IR00497262,22112,Vande Bharat Express,2024-08-18,2024,8,6,0,1,1,0,0,Monsoon,South Central Railway (SCR),SCR,E,C,467,11,4.92,0,0,Electric (25kV AC),1,2,0,1,0,0.0,0.04,0.72,0.9,29.5,31.1,0,1,4.6,70.7,0,1,0,67.7,Track Maintenance / PSR,126,1
IR00350113,11309,Mail/Express,2024-08-10,2024,8,5,7,1,0,1,0,Monsoon,North Eastern Railway (NER),NER,C,C,774,14,14.88,1,1,Electric (25kV AC),1,3,0,1,0,0.0,0.78,0.82,0.9,25.5,25.5,1,1,4.7,88.7,0,0,0,69.1,Track Congestion,123,1
IR00680836,11540,Mail/Express,2019-05-01,2019,5,2,16,0,0,0,1,Pre-Monsoon,East Coast Railway (ECoR),ECoR,C,C,844,8,16.23,1,0,Electric (25kV AC),1,0,0,0,0,0.0,0.18,0.7,0.35,26.7,32.0,0,0,8.8,88.1,0,0,0,63.3,Passenger Emergency,129,1
IR00469555,12921,Garib Rath Express,2020-03-04,2020,3,2,0,0,1,0,0,Summer,Western Railway (WR),WR,D,E,988,6,15.2,1,0,Electric (25kV AC),1,1,0,0,0,0.0,0.05,0.83,0.25,35.4,21.8,1,0,7.9,84.8,0,1,0,67.8,Late Incoming Rake,126,1
IR01742855,12472,Superfast Express,2021-02-15,2021,2,0,7,0,0,1,1,Winter/Fog,Central Railway (CR),CR,D,E,576,9,9.6,1,1,Electric (25kV AC),1,4,0,0,0,0.05,0.05,0.85,0.72,3.0,30.8,0,1,6.2,39.6,0,0,0,69.6,Signal Failure,103,1
IR01781093,74698,DEMU/MEMU,2023-05-01,2023,5,0,19,0,0,1,0,Pre-Monsoon,South Central Railway (SCR),SCR,B,C,109,10,2.6,0,0,Dual,1,3,0,0,0,0.0,0.04,0.72,0.35,8.5,13.8,0,1,6.6,73.7,0,0,0,75.5,On Time,12,0
IR01419519,12144,Sampark Kranti Express,2020-11-06,2020,11,4,16,0,0,0,0,Autumn,South Central Railway (SCR),SCR,D,A,1027,11,16.56,0,1,Electric (25kV AC),1,1,0,0,0,0.0,0.04,0.72,0.3,3.3,9.4,0,1,6.8,36.9,0,0,1,70.6,Station Congestion,128,1
IR00840749,11353,Mail/Express,2019-12-26,2019,12,3,22,0,1,0,0,Winter/Fog,West Central Railway (WCR),WCR,C,A,635,8,12.21,0,1,Electric (25kV AC),1,7,1,0,0,0.0,0.42,0.8,0.65,6.5,11.7,1,0,3.4,87.5,0,0,0,66.2,Unscheduled Halt,180,1
IR00479901,19956,Intercity Express,2024-08-27,2024,8,1,18,0,0,1,0,Monsoon,Eastern Railway (ER),ER,D,E,611,17,11.11,1,1,Electric (25kV AC),1,3,0,1,0,0.0,0.32,0.95,0.9,8.2,20.2,0,0,10.0,90.5,0,1,0,52.9,Flooding / Waterlogging,216,1
IR01098180,51111,Passenger Train,2020-11-20,2020,11,4,17,0,0,1,0,Autumn,South Eastern Railway (SER),SER,A,B,211,12,5.55,1,0,Diesel,0,1,0,0,0,0.0,0.22,0.74,0.3,24.3,38.0,1,1,6.3,33.5,0,0,0,80.2,On Time,10,0
IR00767231,19214,Intercity Express,2021-08-31,2021,8,1,18,0,0,1,0,Monsoon,Eastern Railway (ER),ER,C,C,285,7,5.18,1,0,Dual,1,2,0,1,0,0.0,0.32,0.95,0.9,39.2,20.6,1,0,5.1,72.3,0,0,0,37.8,Flooding / Waterlogging,148,1
IR01830096,12974,Duronto Express,2019-07-04,2019,7,3,6,0,0,1,0,Monsoon,East Coast Railway (ECoR),ECoR,C,B,1327,12,18.43,1,1,Electric (25kV AC),1,4,0,1,0,0.0,0.18,0.7,0.88,11.0,34.3,1,1,8.7,62.0,0,1,0,72.0,Flooding / Waterlogging,122,1
IR01798901,74394,DEMU/MEMU,2020-09-05,2020,9,5,9,1,0,0,0,Monsoon,Northern Railway (NR),NR,C,A,206,12,4.9,0,1,Electric (25kV AC),1,3,0,1,0,0.0,0.88,0.92,0.78,25.0,12.8,0,0,7.2,77.5,0,0,0,50.2,Track Maintenance / PSR,114,1
IR01407633,12754,Superfast Express,2018-01-03,2018,1,2,16,0,0,0,0,Winter/Fog,East Central Railway (ECR),ECR,D,D,970,11,16.17,0,0,Electric (25kV AC),1,3,0,0,0,0.0,0.55,0.88,0.78,19.4,12.8,0,0,5.9,74.7,0,0,0,54.9,Freight Priority,90,1
IR01199585,12237,Jan Shatabdi Express,2024-03-11,2024,3,0,0,0,1,0,0,Summer,North Western Railway (NWR),NWR,E,D,320,13,5.52,0,1,Electric (25kV AC),1,3,0,0,0,0.0,0.58,0.75,0.25,12.4,39.9,1,0,8.9,86.3,0,0,0,67.8,On Time,7,0
IR00504577,12356,Superfast Express,2023-09-24,2023,9,6,18,1,0,1,0,Monsoon,North Western Railway (NWR),NWR,D,C,728,8,12.13,1,1,Electric (25kV AC),1,2,0,1,0,0.0,0.58,0.75,0.78,10.0,22.5,0,0,5.0,93.5,0,1,0,57.3,Track Congestion,127,1
IR00114849,12214,Jan Shatabdi Express,2021-11-01,2021,11,0,7,0,0,1,0,Autumn,North Eastern Railway (NER),NER,E,D,583,13,10.05,0,1,Diesel,0,5,0,0,0,0.0,0.78,0.82,0.3,30.1,17.1,0,0,5.2,70.2,0,0,0,59.0,Loco / Engine Failure,144,1
IR01094099,11442,Mail/Express,2019-04-22,2019,4,0,3,0,1,0,0,Summer,South Western Railway (SWR),SWR,C,B,587,11,11.29,1,1,Electric (25kV AC),1,0,0,0,0,0.0,0.02,0.6,0.28,4.7,17.8,1,1,6.9,67.9,0,0,0,75.9,On Time,9,0
IR00763026,12321,Shatabdi Express,2018-08-14,2018,8,1,21,0,0,0,0,Monsoon,South East Central Railway (SECR),SECR,E,B,388,20,5.17,1,0,Electric (25kV AC),1,7,0,1,0,0.0,0.28,0.68,0.9,8.9,15.1,1,0,6.4,89.4,0,0,0,75.3,Flooding / Waterlogging,107,1
IR00308415,12926,Jan Shatabdi Express,2020-08-18,2020,8,1,19,0,0,1,0,Monsoon,Central Railway (CR),CR,C,E,370,11,6.38,1,1,Electric (25kV AC),1,2,0,1,0,0.0,0.05,0.85,0.9,3.6,20.1,0,0,7.0,91.9,0,0,0,68.7,Flooding / Waterlogging,160,1
IR00051884,12360,Superfast Express,2021-05-24,2021,5,0,6,0,0,1,0,Pre-Monsoon,Northeast Frontier Railway (NFR),NFR,B,A,564,10,9.4,1,1,Diesel,0,2,0,0,0,0.0,0.22,0.58,0.35,23.6,3.7,0,0,9.7,67.0,0,1,0,73.1,Late Incoming Rake,119,1
IR00160067,12171,Sampark Kranti Express,2024-02-19,2024,2,0,11,0,0,0,0,Winter/Fog,West Central Railway (WCR),WCR,C,E,797,10,12.85,1,1,Electric (25kV AC),1,2,0,0,0,0.0,0.42,0.8,0.72,13.4,25.0,1,1,7.2,89.5,0,0,0,68.6,Station Congestion,107,1
IR00276394,12722,Rajdhani Express,2019-06-02,2019,6,6,9,1,0,0,0,Monsoon,North Western Railway (NWR),NWR,E,C,853,12,10.94,1,0,Electric (25kV AC),1,2,0,1,0,0.0,0.58,0.75,0.82,7.6,11.2,0,0,7.8,73.9,0,0,0,54.4,Track Maintenance / PSR,257,1
IR00561033,12926,Duronto Express,2020-02-23,2020,2,6,17,1,0,1,0,Winter/Fog,Northern Railway (NR),NR,B,C,2393,12,33.24,1,0,Electric (25kV AC),1,1,0,0,0,0.0,0.88,0.92,0.72,17.1,21.6,1,1,4.9,39.8,0,0,0,51.8,Station Congestion,77,1
IR01729035,19230,Intercity Express,2022-09-27,2022,9,1,6,0,0,1,0,Monsoon,South Eastern Railway (SER),SER,B,B,270,6,4.91,0,1,Electric (25kV AC),1,4,1,1,0,0.0,0.22,0.74,0.78,18.2,23.1,1,1,7.0,73.8,0,1,0,69.6,Flooding / Waterlogging,181,1
IR01255168,11259,Mail/Express,2021-02-25,2021,2,3,11,0,0,0,0,Winter/Fog,South Western Railway (SWR),SWR,B,B,569,12,10.94,1,0,Diesel,0,3,0,0,0,0.0,0.02,0.6,0.72,11.3,19.5,0,0,6.7,96.7,0,0,0,74.6,On Time,4,0
IR01663622,19533,Intercity Express,2022-09-17,2022,9,5,1,1,1,0,0,Monsoon,Southern Railway (SR),SR,C,A,328,9,5.96,1,0,Diesel,0,1,0,1,0,0.0,0.02,0.65,0.78,23.9,25.1,1,0,4.4,30.0,0,0,0,73.9,Flooding / Waterlogging,125,1
IR01417367,19171,Intercity Express,2024-06-19,2024,6,2,10,0,0,0,0,Monsoon,East Coast Railway (ECoR),ECoR,E,D,148,8,2.69,1,0,Electric (25kV AC),1,2,0,1,0,0.0,0.18,0.7,0.82,40.0,13.3,0,1,9.0,75.4,0,1,0,62.6,Track Congestion,125,1
IR00838308,12883,Duronto Express,2021-02-10,2021,2,2,9,0,0,0,0,Winter/Fog,North Central Railway (NCR),NCR,E,C,1446,14,20.08,1,0,Electric (25kV AC),1,4,0,0,1,0.82,0.82,0.9,0.72,12.3,18.6,0,1,5.6,79.9,0,0,0,50.0,Fog / Low Visibility,175,1
IR00317942,22803,Humsafar Express,2023-03-09,2023,3,3,15,0,0,0,1,Summer,East Central Railway (ECR),ECR,D,A,855,11,13.15,0,0,Electric (25kV AC),1,4,0,0,0,0.0,0.55,0.88,0.25,19.0,26.6,1,1,5.1,79.1,0,0,1,58.8,On Time,9,0
IR01569855,12900,Shatabdi Express,2023-07-18,2023,7,1,19,0,0,1,1,Monsoon,East Central Railway (ECR),ECR,E,E,824,15,10.99,0,0,Electric (25kV AC),1,3,0,1,0,0.0,0.55,0.88,0.88,19.2,10.2,1,1,6.7,90.3,0,0,0,54.3,Flooding / Waterlogging,84,1
IR01529063,51687,Passenger Train,2021-12-02,2021,12,3,13,0,0,0,1,Winter/Fog,North Central Railway (NCR),NCR,D,C,215,16,5.66,1,0,Electric (25kV AC),1,2,0,0,0,0.0,0.82,0.9,0.65,17.4,11.8,1,0,6.2,55.3,0,1,0,38.9,Late Incoming Rake,156,1
IR00520026,11956,Mail/Express,2018-02-12,2018,2,0,9,0,0,0,0,Winter/Fog,Northern Railway (NR),NR,E,A,552,12,10.62,0,1,Electric (25kV AC),1,2,0,0,1,0.88,0.88,0.92,0.72,15.7,11.3,1,0,5.9,43.7,0,0,0,43.2,Track Congestion,98,1
IR00529453,11605,Mail/Express,2023-01-18,2023,1,2,7,0,0,1,1,Winter/Fog,East Central Railway (ECR),ECR,E,D,704,12,13.54,1,0,Electric (25kV AC),1,1,0,0,1,0.55,0.55,0.88,0.78,25.1,23.4,0,0,3.7,52.4,0,1,0,55.8,Track Congestion,180,1
IR00840201,11424,Mail/Express,2023-11-30,2023,11,3,17,0,0,1,0,Autumn,South Central Railway (SCR),SCR,A,D,603,22,11.6,0,0,Diesel,0,0,0,0,0,0.0,0.04,0.72,0.3,15.5,40.7,1,1,5.2,69.4,0,0,0,65.2,Loco / Engine Failure,143,1
IR00379243,11962,Mail/Express,2018-12-23,2018,12,6,18,1,0,1,0,Winter/Fog,Central Railway (CR),CR,D,A1,802,18,15.42,0,0,Electric (25kV AC),1,4,0,0,0,0.0,0.05,0.85,0.65,10.8,45.0,1,0,6.1,58.6,0,0,0,61.2,Unscheduled Halt,129,1
IR01296912,19639,Intercity Express,2019-05-03,2019,5,4,15,0,0,0,0,Pre-Monsoon,Northeast Frontier Railway (NFR),NFR,A,B,285,17,5.18,1,1,Electric (25kV AC),1,0,0,0,0,0.0,0.22,0.58,0.35,8.6,6.2,0,0,7.9,72.1,0,0,0,95.0,On Time,9,0
IR00608318,11315,Mail/Express,2021-01-27,2021,1,2,6,0,0,1,0,Winter/Fog,East Coast Railway (ECoR),ECoR,C,A1,855,13,16.44,1,0,Electric (25kV AC),1,7,0,0,0,0.18,0.18,0.7,0.78,5.2,10.4,0,0,6.2,80.4,0,0,0,76.4,Unscheduled Halt,103,1
IR00710551,12285,Superfast Express,2021-04-20,2021,4,1,7,0,0,1,0,Summer,West Central Railway (WCR),WCR,D,A1,608,16,10.13,1,0,Electric (25kV AC),1,3,0,0,0,0.0,0.42,0.8,0.28,14.6,41.9,1,0,5.4,71.2,0,0,0,58.1,On Time,7,0
IR00778171,12147,Jan Shatabdi Express,2022-03-15,2022,3,1,9,0,0,0,0,Summer,South Central Railway (SCR),SCR,B,E,377,14,6.5,0,0,Electric (25kV AC),1,5,0,0,0,0.0,0.04,0.72,0.25,2.7,15.1,0,0,5.9,74.6,0,0,0,61.3,On Time,4,0
IR01577270,11564,Mail/Express,2021-11-30,2021,11,1,3,0,1,0,1,Autumn,North Central Railway (NCR),NCR,B,C,542,11,10.42,0,0,Electric (25kV AC),1,6,0,0,0,0.0,0.82,0.9,0.3,16.2,30.1,1,1,2.6,56.7,0,0,0,48.8,Freight Priority,93,1
IR01490603,12893,Superfast Express,2020-11-21,2020,11,5,16,1,0,0,0,Autumn,South East Central Railway (SECR),SECR,B,E,724,9,12.07,1,0,Electric (25kV AC),1,4,0,0,0,0.0,0.28,0.68,0.3,31.4,23.7,1,1,7.4,87.2,0,0,0,63.1,On Time,10,0
IR01333556,11148,Mail/Express,2023-05-29,2023,5,0,5,0,0,0,0,Pre-Monsoon,Eastern Railway (ER),ER,B,A,785,9,15.1,0,0,Electric (25kV AC),1,2,0,0,0,0.0,0.32,0.95,0.35,12.5,18.9,0,0,6.3,81.0,0,1,0,49.7,Late Incoming Rake,154,1
IR01778420,74570,DEMU/MEMU,2022-02-02,2022,2,2,20,0,0,1,0,Winter/Fog,North Eastern Railway (NER),NER,D,A,139,14,3.31,0,0,Electric (25kV AC),1,1,0,0,0,0.0,0.78,0.82,0.72,17.9,45.0,0,0,3.3,87.4,0,0,0,55.9,Unscheduled Halt,186,1
IR00054402,74231,DEMU/MEMU,2019-10-30,2019,10,2,17,0,0,1,0,Post-Monsoon,Eastern Railway (ER),ER,E,C,279,15,6.64,0,0,Electric (25kV AC),1,2,0,0,0,0.0,0.32,0.95,0.42,11.0,19.7,0,0,3.3,41.7,0,1,0,46.3,Station Congestion,130,1
IR00614059,12361,Rajdhani Express,2018-05-08,2018,5,1,8,0,0,1,0,Pre-Monsoon,North Western Railway (NWR),NWR,E,E,3000,13,38.46,0,1,Electric (25kV AC),1,1,0,0,0,0.0,0.58,0.75,0.35,2.6,13.3,1,1,5.4,75.2,0,1,0,70.3,Track Congestion,112,1
IR01037159,22127,Vande Bharat Express,2019-12-08,2019,12,6,7,1,0,1,0,Winter/Fog,Northeast Frontier Railway (NFR),NFR,C,C,367,13,3.86,1,0,Dual,1,2,0,0,0,0.22,0.22,0.58,0.65,1.8,44.3,1,0,8.1,53.9,0,0,0,68.4,On Time,10,0
IR01611367,22614,Vande Bharat Express,2020-02-20,2020,2,3,7,0,0,1,0,Winter/Fog,South Central Railway (SCR),SCR,A1,D,601,8,6.33,1,0,Electric (25kV AC),1,1,0,0,0,0.04,0.04,0.72,0.72,8.2,27.2,0,0,4.7,67.1,0,0,0,73.0,On Time,7,0
IR00877585,74353,DEMU/MEMU,2019-02-23,2019,2,5,20,1,0,1,0,Winter/Fog,North Eastern Railway (NER),NER,E,B,175,6,4.17,0,1,Electric (25kV AC),1,3,0,0,0,0.0,0.78,0.82,0.72,20.9,16.7,0,0,6.5,74.0,0,0,0,42.9,Crew Availability,154,1
IR00501086,12759,Jan Shatabdi Express,2021-09-03,2021,9,4,19,0,0,1,0,Monsoon,Eastern Railway (ER),ER,B,C,223,8,3.84,0,0,Electric (25kV AC),1,0,1,1,0,0.0,0.32,0.95,0.78,4.6,5.3,1,1,10.0,87.0,0,0,0,56.1,Flooding / Waterlogging,109,1
IR01364159,22211,Vande Bharat Express,2021-06-12,2021,6,5,20,1,0,1,0,Monsoon,South East Central Railway (SECR),SECR,A,E,374,12,3.94,1,0,Electric (25kV AC),1,2,0,1,0,0.0,0.28,0.68,0.82,1.8,1.2,1,1,4.5,54.9,0,0,0,69.7,Flooding / Waterlogging,154,1
IR01341340,12898,Shatabdi Express,2018-02-12,2018,2,0,10,0,0,0,0,Winter/Fog,Central Railway (CR),CR,D,C,531,15,7.08,1,0,Electric (25kV AC),1,8,0,0,0,0.0,0.05,0.85,0.72,13.4,17.3,0,1,8.0,56.4,0,0,1,62.3,Station Congestion,74,1
IR01100925,12367,Superfast Express,2018-05-31,2018,5,3,13,0,0,0,0,Pre-Monsoon,Central Railway (CR),CR,A,C,648,8,10.8,1,1,Electric (25kV AC),1,4,0,0,0,0.0,0.05,0.85,0.35,11.3,20.0,1,0,7.5,69.5,0,0,0,73.6,On Time,5,0
IR01063747,12815,Rajdhani Express,2020-05-25,2020,5,0,7,0,0,1,0,Pre-Monsoon,Eastern Railway (ER),ER,B,A1,2003,12,25.68,1,1,Electric (25kV AC),1,1,0,0,0,0.0,0.32,0.95,0.35,11.0,29.0,1,0,4.2,86.9,0,1,0,46.4,Late Incoming Rake,88,1
IR00376746,12673,Jan Shatabdi Express,2023-04-09,2023,4,6,18,1,0,1,0,Summer,South East Central Railway (SECR),SECR,E,D,500,15,8.62,0,0,Electric (25kV AC),1,3,0,0,0,0.0,0.28,0.68,0.28,14.2,45.0,1,0,8.0,84.3,0,0,0,67.7,On Time,7,0
IR01233134,11658,Mail/Express,2019-03-28,2019,3,3,17,0,0,1,1,Summer,South Western Railway (SWR),SWR,D,C,824,14,15.85,1,0,Electric (25kV AC),1,3,0,0,0,0.0,0.02,0.6,0.25,32.7,15.7,1,1,8.6,59.4,0,1,0,71.0,Track Congestion,187,1
IR01256396,51533,Passenger Train,2019-12-11,2019,12,2,7,0,0,1,0,Winter/Fog,Northern Railway (NR),NR,E,D,243,10,6.39,0,1,Electric (25kV AC),1,1,0,0,1,0.88,0.88,0.92,0.65,6.6,6.9,1,0,8.2,69.7,0,0,1,48.8,Track Congestion,132,1
IR00255474,12899,Shatabdi Express,2024-06-21,2024,6,4,17,0,0,1,0,Monsoon,South Central Railway (SCR),SCR,C,E,406,10,5.41,1,1,Electric (25kV AC),1,2,0,1,0,0.0,0.04,0.72,0.82,6.4,41.6,1,1,4.4,64.7,0,1,0,75.7,Track Congestion,103,1
IR00191787,22155,Vande Bharat Express,2023-04-17,2023,4,0,8,0,0,1,0,Summer,Eastern Railway (ER),ER,A,D,559,8,5.88,1,0,Electric (25kV AC),1,4,0,0,0,0.0,0.32,0.95,0.28,20.5,16.2,1,0,8.9,71.8,0,0,0,65.1,On Time,11,0
IR01772307,11865,Mail/Express,2018-07-21,2018,7,5,19,1,0,1,0,Monsoon,Western Railway (WR),WR,E,A,786,10,15.12,1,1,Electric (25kV AC),1,1,0,1,0,0.0,0.05,0.83,0.88,11.2,16.6,1,0,6.7,72.8,0,0,0,66.9,Track Maintenance / PSR,186,1
IR00608447,12758,Sampark Kranti Express,2019-11-07,2019,11,3,8,0,0,1,0,Autumn,South Central Railway (SCR),SCR,A1,B,940,8,15.16,0,1,Electric (25kV AC),1,1,0,0,0,0.0,0.04,0.72,0.3,12.0,24.3,0,0,6.3,82.3,0,1,0,70.8,Track Congestion,224,1
IR01259380,22971,Humsafar Express,2023-02-03,2023,2,4,16,0,0,0,1,Winter/Fog,East Central Railway (ECR),ECR,C,E,785,14,12.08,0,0,Electric (25kV AC),1,6,0,0,0,0.0,0.55,0.88,0.72,24.3,35.5,0,1,5.6,68.6,0,0,0,57.3,Unscheduled Halt,190,1
IR01337242,11806,Mail/Express,2020-08-03,2020,8,0,16,0,0,0,0,Monsoon,North Central Railway (NCR),NCR,C,B,846,14,16.27,1,0,Electric (25kV AC),1,2,1,1,0,0.0,0.82,0.9,0.9,10.0,45.0,1,1,7.7,62.1,0,0,0,67.1,Flooding / Waterlogging,102,1
IR01772074,12965,Superfast Express,2021-04-24,2021,4,5,23,1,1,0,1,Summer,Western Railway (WR),WR,D,D,798,15,13.3,0,1,Electric (25kV AC),1,1,0,0,0,0.0,0.05,0.83,0.28,40.0,20.5,0,0,1.6,38.5,0,0,0,80.4,On Time,10,0
IR00349502,11802,Mail/Express,2019-04-01,2019,4,0,6,0,0,1,0,Summer,South East Central Railway (SECR),SECR,B,C,415,12,7.98,1,0,Electric (25kV AC),1,1,0,0,0,0.0,0.28,0.68,0.28,29.4,15.3,1,1,5.0,91.0,0,0,0,73.2,On Time,9,0
IR00440587,12530,Superfast Express,2023-03-09,2023,3,3,18,0,0,1,0,Summer,Central Railway (CR),CR,A1,D,800,11,13.33,1,0,Electric (25kV AC),1,0,0,0,0,0.0,0.05,0.85,0.25,29.8,20.0,1,0,5.1,77.0,0,0,0,56.4,On Time,11,0
IR01241450,74218,DEMU/MEMU,2024-09-17,2024,9,1,18,0,0,1,0,Monsoon,North Eastern Railway (NER),NER,A,C,117,12,2.79,0,1,Electric (25kV AC),1,2,0,1,0,0.0,0.78,0.82,0.78,40.0,18.6,1,0,3.2,76.1,0,0,0,43.4,Flooding / Waterlogging,116,1
IR00256708,11524,Mail/Express,2023-01-18,2023,1,2,8,0,0,1,0,Winter/Fog,North Eastern Railway (NER),NER,A1,A,595,9,11.44,1,1,Electric (25kV AC),1,2,0,0,1,0.78,0.78,0.82,0.78,17.4,15.5,1,0,4.9,90.1,0,0,0,63.0,Track Congestion,98,1
IR00114386,12750,Superfast Express,2024-11-30,2024,11,5,13,1,0,0,1,Autumn,South Western Railway (SWR),SWR,C,D,765,10,12.75,1,0,Electric (25kV AC),1,3,0,0,0,0.0,0.02,0.6,0.3,14.0,14.0,0,1,5.0,81.8,0,0,0,84.0,On Time,4,0
IR00656013,11634,Mail/Express,2019-08-18,2019,8,6,4,1,1,0,1,Monsoon,Northern Railway (NR),NR,A1,C,567,13,10.9,1,1,Electric (25kV AC),1,2,0,1,0,0.0,0.88,0.92,0.9,9.8,16.5,0,0,6.0,73.7,0,1,0,49.8,Track Maintenance / PSR,177,1
IR00996005,12924,Superfast Express,2019-07-14,2019,7,6,21,1,0,0,0,Monsoon,Northeast Frontier Railway (NFR),NFR,E,B,1027,9,17.12,1,0,Electric (25kV AC),1,2,0,1,0,0.0,0.22,0.58,0.88,38.9,39.8,0,0,8.3,55.7,0,1,0,69.4,Flooding / Waterlogging,125,1
IR00263613,74127,DEMU/MEMU,2022-05-19,2022,5,3,10,0,0,0,1,Pre-Monsoon,Western Railway (WR),WR,B,C,96,11,2.29,0,0,Electric (25kV AC),1,4,1,0,0,0.0,0.05,0.83,0.35,22.5,11.5,1,1,5.0,87.2,0,0,1,61.7,Track Congestion,94,1
IR01730737,12845,Gatimaan Express,2024-08-25,2024,8,6,8,1,0,1,0,Monsoon,South Eastern Railway (SER),SER,D,C,245,8,2.72,1,0,Electric (25kV AC),1,4,0,1,0,0.0,0.22,0.74,0.9,9.7,21.7,1,1,6.4,85.5,0,0,0,67.0,Flooding / Waterlogging,128,1
IR00622186,22296,Vande Bharat Express,2021-06-18,2021,6,4,18,0,0,1,0,Monsoon,South East Central Railway (SECR),SECR,B,E,454,12,4.78,1,0,Electric (25kV AC),1,4,0,1,0,0.0,0.28,0.68,0.82,21.7,45.0,1,1,6.3,85.1,0,0,0,60.3,Track Congestion,65,1
IR01199907,11626,Mail/Express,2023-10-21,2023,10,5,2,1,1,0,0,Post-Monsoon,North Central Railway (NCR),NCR,A1,C,430,14,8.27,0,1,Electric (25kV AC),1,5,0,0,0,0.0,0.82,0.9,0.42,40.0,8.9,1,1,6.8,67.2,0,1,0,54.0,Late Incoming Rake,221,1
IR01290300,12312,Rajdhani Express,2021-07-19,2021,7,0,13,0,0,0,0,Monsoon,Northern Railway (NR),NR,C,D,1139,14,14.6,0,1,Electric (25kV AC),1,4,0,1,0,0.0,0.88,0.92,0.88,31.1,23.4,1,0,6.7,75.5,0,0,0,50.4,Track Maintenance / PSR,65,1
IR01096994,12261,Rajdhani Express,2019-05-03,2019,5,4,13,0,0,0,0,Pre-Monsoon,Northeast Frontier Railway (NFR),NFR,A1,E,1320,10,16.92,1,0,Electric (25kV AC),1,3,0,0,0,0.0,0.22,0.58,0.35,16.3,17.5,0,0,3.6,90.4,0,1,0,67.8,On Time,11,0
IR01565514,11234,Mail/Express,2018-02-11,2018,2,6,17,1,0,1,1,Winter/Fog,South Central Railway (SCR),SCR,D,D,980,11,18.85,1,0,Electric (25kV AC),1,4,1,0,0,0.0,0.04,0.72,0.72,9.2,27.6,0,1,7.1,90.8,0,0,0,51.6,Passenger Emergency,103,1
IR00273953,12263,Superfast Express,2022-07-24,2022,7,6,7,1,0,1,0,Monsoon,South East Central Railway (SECR),SECR,C,B,1035,12,17.25,1,0,Electric (25kV AC),1,4,0,1,0,0.0,0.28,0.68,0.88,11.0,45.0,1,0,7.5,77.7,0,0,0,53.7,Track Congestion,106,1
IR00917080,12363,Superfast Express,2019-11-13,2019,11,2,11,0,0,0,0,Autumn,South Eastern Railway (SER),SER,E,B,912,16,15.2,0,0,Diesel,0,8,0,0,0,0.0,0.22,0.74,0.3,10.1,10.0,1,0,5.8,86.2,0,0,0,85.3,On Time,6,0
IR00224237,12858,Superfast Express,2020-05-17,2020,5,6,18,1,0,1,1,Pre-Monsoon,South East Central Railway (SECR),SECR,B,D,582,13,9.7,1,0,Diesel,0,6,0,0,0,0.0,0.28,0.68,0.35,16.8,45.0,1,1,8.1,74.9,0,0,0,75.3,On Time,1,0
IR00379759,11555,Mail/Express,2023-06-17,2023,6,5,6,1,0,1,0,Monsoon,South East Central Railway (SECR),SECR,B,E,500,11,9.62,1,0,Diesel,0,3,0,1,0,0.0,0.28,0.68,0.82,9.0,12.2,1,1,10.0,80.8,0,1,0,61.4,Flooding / Waterlogging,206,1
IR01110019,11942,Mail/Express,2021-12-30,2021,12,3,19,0,0,1,0,Winter/Fog,North Central Railway (NCR),NCR,C,C,608,15,11.69,1,0,Electric (25kV AC),1,5,0,0,0,0.0,0.82,0.9,0.65,12.4,7.2,1,1,5.5,85.9,0,0,0,70.1,Freight Priority,102,1
IR01703552,12456,Duronto Express,2024-01-25,2024,1,3,19,0,0,1,0,Winter/Fog,Northern Railway (NR),NR,D,A1,1088,18,15.11,0,1,Electric (25kV AC),1,2,0,0,0,0.0,0.88,0.92,0.78,16.5,38.0,1,0,6.4,61.7,0,0,0,52.0,Passenger Emergency,117,1
IR01717602,12992,Superfast Express,2024-12-06,2024,12,4,17,0,0,1,1,Winter/Fog,South Central Railway (SCR),SCR,D,D,701,11,11.68,1,1,Electric (25kV AC),1,1,0,0,0,0.0,0.04,0.72,0.65,16.8,12.2,1,1,3.1,63.5,0,0,0,61.1,On Time,13,0
IR01298697,51626,Passenger Train,2019-07-26,2019,7,4,12,0,0,0,0,Monsoon,South Western Railway (SWR),SWR,E,C,163,13,4.29,0,0,Electric (25kV AC),1,3,0,1,0,0.0,0.02,0.6,0.88,5.5,14.7,1,0,9.1,71.6,0,0,0,60.7,Flooding / Waterlogging,204,1
IR00420913,11580,Mail/Express,2018-02-27,2018,2,1,6,0,0,1,1,Winter/Fog,South Eastern Railway (SER),SER,D,C,477,6,9.17,1,1,Electric (25kV AC),1,3,0,0,0,0.22,0.22,0.74,0.72,8.7,22.4,0,0,6.0,86.3,0,0,0,57.3,Level Crossing Delay,154,1
IR01248862,12575,Superfast Express,2019-11-25,2019,11,0,13,0,0,0,0,Autumn,East Central Railway (ECR),ECR,C,A1,926,10,15.43,1,0,Diesel,0,3,0,0,0,0.0,0.55,0.88,0.3,7.3,36.4,1,1,5.9,84.5,0,1,0,55.0,Late Incoming Rake,221,1
IR00952771,12361,Superfast Express,2021-03-15,2021,3,0,21,0,0,0,1,Summer,East Central Railway (ECR),ECR,C,D,744,8,12.4,1,0,Electric (25kV AC),1,4,1,0,0,0.0,0.55,0.88,0.25,15.6,9.6,1,0,6.8,92.5,0,0,0,68.0,On Time,6,0
IR01473289,12632,Superfast Express,2022-05-25,2022,5,2,7,0,0,1,1,Pre-Monsoon,North Central Railway (NCR),NCR,E,B,639,15,10.65,0,0,Electric (25kV AC),1,2,0,0,0,0.0,0.82,0.9,0.35,27.5,10.3,1,0,7.4,56.1,0,1,0,63.1,Station Congestion,104,1
IR00149333,22690,Humsafar Express,2019-12-07,2019,12,5,7,1,0,1,0,Winter/Fog,North Eastern Railway (NER),NER,D,E,823,13,12.66,0,0,Electric (25kV AC),1,4,0,0,1,0.78,0.78,0.82,0.65,16.7,40.8,1,0,5.7,85.5,0,0,0,44.2,Fog / Low Visibility,97,1
IR00951851,12894,Superfast Express,2019-11-21,2019,11,3,5,0,0,0,0,Autumn,Southern Railway (SR),SR,D,E,685,13,11.42,0,1,Electric (25kV AC),1,3,0,0,0,0.0,0.02,0.65,0.3,10.2,3.4,0,0,7.6,58.1,0,0,1,86.4,On Time,0,0
IR00992142,74742,DEMU/MEMU,2024-10-24,2024,10,3,6,0,0,1,0,Post-Monsoon,West Central Railway (WCR),WCR,D,E,167,10,3.98,0,0,Diesel,0,3,0,0,0,0.0,0.42,0.8,0.42,11.8,18.2,1,0,6.1,81.1,0,1,0,49.4,Late Incoming Rake,138,1
IR00390380,74286,DEMU/MEMU,2022-12-10,2022,12,5,6,1,0,1,0,Winter/Fog,South Central Railway (SCR),SCR,D,A1,125,14,2.98,1,0,Electric (25kV AC),1,2,0,0,0,0.04,0.04,0.72,0.65,22.6,37.7,0,1,5.6,78.1,0,0,0,77.7,Station Congestion,124,1
IR00815292,11566,Mail/Express,2022-02-24,2022,2,3,17,0,0,1,0,Winter/Fog,Central Railway (CR),CR,E,C,563,15,10.83,1,0,Electric (25kV AC),1,1,0,0,0,0.0,0.05,0.85,0.72,15.7,22.2,0,0,6.9,67.3,0,1,0,64.1,Track Congestion,129,1
IR01504553,12251,Garib Rath Express,2018-05-31,2018,5,3,22,0,1,0,0,Pre-Monsoon,Northeast Frontier Railway (NFR),NFR,E,E,694,10,10.68,1,0,Electric (25kV AC),1,0,0,0,0,0.0,0.22,0.58,0.35,9.9,44.0,1,1,5.7,86.0,0,0,0,95.0,Station Congestion,76,1
IR01680333,12653,Sampark Kranti Express,2019-10-03,2019,10,3,18,0,0,1,0,Post-Monsoon,North Eastern Railway (NER),NER,C,D,837,14,13.5,1,0,Electric (25kV AC),1,3,0,0,0,0.0,0.78,0.82,0.42,5.7,20.3,1,0,7.4,81.6,0,0,0,75.0,On Time,0,0
IR00367143,12696,Rajdhani Express,2022-01-24,2022,1,0,19,0,0,1,0,Winter/Fog,Eastern Railway (ER),ER,B,A,1926,16,24.69,1,1,Electric (25kV AC),1,2,0,0,0,0.0,0.32,0.95,0.78,5.9,15.8,0,0,5.6,90.7,0,0,0,63.9,Track Congestion,127,1
IR00554899,11603,Mail/Express,2023-05-18,2023,5,3,5,0,0,0,0,Pre-Monsoon,North Central Railway (NCR),NCR,C,E,609,16,11.71,0,0,Electric (25kV AC),1,2,1,0,0,0.0,0.82,0.9,0.35,7.0,17.9,0,0,7.0,65.4,0,0,0,64.2,Track Congestion,159,1
IR00461462,12522,Superfast Express,2020-11-06,2020,11,4,0,0,1,0,0,Autumn,Northeast Frontier Railway (NFR),NFR,C,A,626,13,10.43,1,0,Dual,1,4,0,0,0,0.0,0.22,0.58,0.3,8.5,19.4,1,1,6.3,79.7,0,1,0,78.5,Late Incoming Rake,99,1
IR01503305,11852,Mail/Express,2022-06-11,2022,6,5,7,1,0,1,0,Monsoon,Northern Railway (NR),NR,E,A,765,13,14.71,1,0,Electric (25kV AC),1,2,0,1,0,0.0,0.88,0.92,0.82,14.7,19.5,1,0,5.3,95.5,0,1,0,48.2,Track Congestion,147,1
IR01463195,11967,Mail/Express,2018-01-26,2018,1,4,18,0,0,1,0,Winter/Fog,Eastern Railway (ER),ER,C,D,618,16,11.88,1,0,Electric (25kV AC),1,2,0,0,0,0.0,0.32,0.95,0.78,3.0,15.1,0,1,6.8,64.6,0,0,0,38.2,Crew Availability,144,1
IR00825793,22105,Vande Bharat Express,2023-07-06,2023,7,3,4,0,1,0,0,Monsoon,West Central Railway (WCR),WCR,E,C,484,13,5.09,1,0,Electric (25kV AC),1,7,0,1,0,0.0,0.42,0.8,0.88,19.1,25.3,0,0,7.0,84.5,0,1,0,60.7,Flooding / Waterlogging,94,1
IR00902444,12535,Sampark Kranti Express,2023-04-04,2023,4,1,22,0,1,0,1,Summer,East Central Railway (ECR),ECR,A1,C,678,9,10.94,1,1,Diesel,0,4,0,0,0,0.0,0.55,0.88,0.28,28.5,5.9,1,1,6.2,47.3,0,0,0,43.2,Track Congestion,135,1
IR00164170,19656,Intercity Express,2022-12-28,2022,12,2,8,0,0,1,0,Winter/Fog,Western Railway (WR),WR,C,E,251,7,4.56,0,1,Electric (25kV AC),1,1,0,0,0,0.05,0.05,0.83,0.65,17.3,37.2,0,1,5.1,91.1,0,0,0,75.3,Station Congestion,172,1
IR01402373,12393,Duronto Express,2020-08-11,2020,8,1,6,0,0,1,0,Monsoon,South Central Railway (SCR),SCR,E,B,1411,11,19.6,1,0,Electric (25kV AC),1,1,0,1,0,0.0,0.04,0.72,0.9,37.8,45.0,0,0,9.5,75.1,0,0,0,74.4,Flooding / Waterlogging,115,1
IR00169983,12383,Sampark Kranti Express,2023-04-05,2023,4,2,21,0,0,0,0,Summer,South Central Railway (SCR),SCR,C,D,913,13,14.73,0,1,Electric (25kV AC),1,2,0,0,0,0.0,0.04,0.72,0.28,2.8,15.5,0,1,4.8,58.0,0,1,0,55.1,Track Congestion,100,1
IR01780556,12875,Shatabdi Express,2019-05-19,2019,5,6,8,1,0,1,1,Pre-Monsoon,North Central Railway (NCR),NCR,C,C,499,12,6.65,1,1,Electric (25kV AC),1,4,0,0,0,0.0,0.82,0.9,0.35,38.3,24.3,1,0,8.3,80.8,0,0,1,57.2,On Time,8,0
IR00704799,11694,Mail/Express,2022-07-09,2022,7,5,5,1,0,0,0,Monsoon,South Western Railway (SWR),SWR,A1,D,557,14,10.71,1,0,Electric (25kV AC),1,1,0,1,0,0.0,0.02,0.6,0.88,7.8,9.3,1,1,4.2,74.2,0,1,0,63.2,Track Congestion,137,1
IR01472783,19897,Intercity Express,2021-08-14,2021,8,5,9,1,0,0,1,Monsoon,East Coast Railway (ECoR),ECoR,D,A1,290,14,5.27,0,1,Electric (25kV AC),1,3,0,1,0,0.0,0.18,0.7,0.9,18.0,43.9,1,1,5.1,40.7,0,0,0,70.8,Track Maintenance / PSR,95,1
IR00038009,19538,Intercity Express,2022-01-20,2022,1,3,6,0,0,1,0,Winter/Fog,South Central Railway (SCR),SCR,B,C,318,12,5.78,0,0,Electric (25kV AC),1,6,0,0,0,0.04,0.04,0.72,0.78,14.1,30.9,1,1,4.4,74.0,0,1,1,66.1,Late Incoming Rake,141,1
IR00336936,11920,Mail/Express,2019-06-24,2019,6,0,11,0,0,0,0,Monsoon,Western Railway (WR),WR,E,A,600,13,11.54,0,1,Electric (25kV AC),1,5,0,1,0,0.0,0.05,0.83,0.82,9.7,24.7,1,0,6.7,85.3,0,1,0,59.3,Flooding / Waterlogging,245,1
IR00416569,12567,Superfast Express,2024-07-10,2024,7,2,6,0,0,1,0,Monsoon,Western Railway (WR),WR,E,E,1072,10,17.87,1,0,Electric (25kV AC),1,1,0,1,0,0.0,0.05,0.83,0.88,12.7,36.5,1,1,7.6,85.1,0,1,0,64.9,Track Congestion,125,1
IR00084672,12378,Duronto Express,2018-05-16,2018,5,2,15,0,0,0,0,Pre-Monsoon,Northern Railway (NR),NR,A1,E,860,8,11.94,1,1,Diesel,0,1,0,0,0,0.0,0.88,0.92,0.35,29.6,43.6,1,1,9.3,67.6,0,0,0,59.1,Loco / Engine Failure,97,1
IR01580362,12689,Garib Rath Express,2018-10-26,2018,10,4,19,0,0,1,0,Post-Monsoon,North Eastern Railway (NER),NER,C,B,893,14,13.74,1,0,Electric (25kV AC),1,0,0,0,0,0.0,0.78,0.82,0.42,30.5,45.0,1,1,6.9,30.0,0,0,0,59.1,On Time,5,0
IR01397647,19428,Intercity Express,2024-09-28,2024,9,5,20,1,0,1,0,Monsoon,Southern Railway (SR),SR,D,E,272,17,4.95,1,0,Electric (25kV AC),1,1,0,1,0,0.0,0.02,0.65,0.78,11.6,16.2,1,0,7.6,83.0,0,0,0,62.2,Track Maintenance / PSR,114,1
IR00290782,74108,DEMU/MEMU,2019-11-27,2019,11,2,9,0,0,0,0,Autumn,East Coast Railway (ECoR),ECoR,A1,D,141,20,3.36,0,0,Diesel,0,5,0,0,0,0.0,0.18,0.7,0.3,22.7,16.0,1,1,6.4,41.3,0,1,0,71.3,Late Incoming Rake,154,1
IR00482807,12921,Superfast Express,2021-11-20,2021,11,5,14,1,0,0,0,Autumn,Western Railway (WR),WR,A,D,792,18,13.2,0,1,Electric (25kV AC),1,3,0,0,0,0.0,0.05,0.83,0.3,15.4,32.4,1,0,6.3,86.6,0,0,0,73.8,On Time,4,0
IR00554370,12381,Sampark Kranti Express,2020-11-16,2020,11,0,6,0,0,1,0,Autumn,East Coast Railway (ECoR),ECoR,C,C,998,9,16.1,1,0,Electric (25kV AC),1,3,0,0,0,0.0,0.18,0.7,0.3,19.9,18.9,0,0,6.0,87.7,0,0,0,69.1,On Time,4,0
IR01444330,11631,Mail/Express,2023-06-26,2023,6,0,21,0,0,0,0,Monsoon,North Eastern Railway (NER),NER,D,C,791,6,15.21,1,0,Electric (25kV AC),1,3,0,1,0,0.0,0.78,0.82,0.82,40.0,14.5,1,0,7.1,59.8,0,1,0,42.3,Flooding / Waterlogging,129,1
IR00311896,12271,Rajdhani Express,2018-07-18,2018,7,2,18,0,0,1,1,Monsoon,Northeast Frontier Railway (NFR),NFR,E,B,1211,14,15.53,1,1,Electric (25kV AC),1,5,0,1,0,0.0,0.22,0.58,0.88,23.1,14.0,0,0,8.7,82.5,0,0,0,79.8,Track Congestion,57,1
IR01156384,19935,Intercity Express,2023-04-19,2023,4,2,14,0,0,0,0,Summer,Northern Railway (NR),NR,D,C,215,14,3.91,1,0,Electric (25kV AC),1,2,0,0,0,0.0,0.88,0.92,0.28,28.9,14.6,0,1,6.3,61.9,0,0,0,61.7,On Time,3,0
IR00580522,11163,Mail/Express,2024-08-07,2024,8,2,16,0,0,0,1,Monsoon,Western Railway (WR),WR,A,C,738,14,14.19,0,1,Dual,1,2,0,1,0,0.0,0.05,0.83,0.9,16.3,45.0,1,1,6.7,76.9,0,0,0,49.6,Flooding / Waterlogging,102,1
IR00728742,12592,Superfast Express,2020-10-24,2020,10,5,15,1,0,0,0,Post-Monsoon,Eastern Railway (ER),ER,A,A1,545,19,9.08,1,1,Electric (25kV AC),1,4,0,0,0,0.0,0.32,0.95,0.42,6.5,14.7,1,1,1.7,79.6,0,0,0,46.0,On Time,14,0
IR00011764,22262,Humsafar Express,2019-01-24,2019,1,3,13,0,0,0,0,Winter/Fog,South Central Railway (SCR),SCR,E,D,793,9,12.2,1,1,Electric (25kV AC),1,5,0,0,0,0.0,0.04,0.72,0.78,5.5,19.5,0,0,3.5,69.3,0,1,0,68.9,Late Incoming Rake,215,1
IR00001895,74375,DEMU/MEMU,2021-01-12,2021,1,1,15,0,0,0,0,Winter/Fog,South Eastern Railway (SER),SER,A,C,100,15,2.38,0,0,Diesel,0,2,0,0,0,0.0,0.22,0.74,0.78,18.4,29.9,1,0,2.1,87.4,0,1,0,67.3,Late Incoming Rake,140,1
IR01390999,12820,Sampark Kranti Express,2020-02-17,2020,2,0,11,0,0,0,0,Winter/Fog,North Western Railway (NWR),NWR,C,A1,843,8,13.6,1,1,Electric (25kV AC),1,5,0,0,0,0.0,0.58,0.75,0.72,9.6,45.0,0,1,7.8,85.3,0,0,0,55.4,Signal Failure,134,1
IR01194643,12487,Jan Shatabdi Express,2024-12-27,2024,12,4,14,0,0,0,0,Winter/Fog,Eastern Railway (ER),ER,B,A1,490,12,8.45,1,1,Electric (25kV AC),1,2,0,0,0,0.0,0.32,0.95,0.65,12.9,18.7,0,1,10.0,78.7,0,0,0,49.8,On Time,1,0
IR00880475,12386,Sampark Kranti Express,2018-03-08,2018,3,3,19,0,0,1,0,Summer,South Central Railway (SCR),SCR,D,C,1082,11,17.45,1,1,Diesel,0,2,0,0,0,0.0,0.04,0.72,0.25,13.9,19.6,0,1,8.8,37.5,0,0,0,74.0,On Time,13,0
IR00487925,19470,Intercity Express,2024-06-20,2024,6,3,3,0,1,0,1,Monsoon,Southern Railway (SR),SR,E,E,576,13,10.47,1,0,Electric (25kV AC),1,0,0,1,0,0.0,0.02,0.65,0.82,22.0,12.3,1,0,4.0,78.7,0,1,1,72.4,Track Congestion,127,1
IR00943184,12871,Jan Shatabdi Express,2019-12-26,2019,12,3,19,0,0,1,0,Winter/Fog,North Central Railway (NCR),NCR,B,C,428,10,7.38,1,0,Electric (25kV AC),1,7,0,0,0,0.0,0.82,0.9,0.65,21.4,30.0,1,0,3.1,78.1,0,1,0,52.4,Track Congestion,137,1
IR00885774,11993,Mail/Express,2020-02-19,2020,2,2,7,0,0,1,1,Winter/Fog,North Central Railway (NCR),NCR,E,C,502,13,9.65,1,1,Electric (25kV AC),1,3,0,0,1,0.82,0.82,0.9,0.72,34.2,40.6,1,0,4.8,52.1,0,0,0,54.0,Fog / Low Visibility,95,1
IR01105408,74777,DEMU/MEMU,2018-06-14,2018,6,3,18,0,0,1,0,Monsoon,North Western Railway (NWR),NWR,E,C,93,17,2.21,1,0,Electric (25kV AC),1,2,0,1,0,0.0,0.58,0.75,0.82,18.4,25.8,0,0,6.6,83.4,0,0,0,45.9,Track Maintenance / PSR,125,1
IR00200954,12782,Shatabdi Express,2021-07-03,2021,7,5,15,1,0,0,0,Monsoon,East Central Railway (ECR),ECR,A1,D,419,13,5.59,0,0,Dual,1,4,0,1,0,0.0,0.55,0.88,0.88,18.2,7.1,1,0,5.6,51.8,0,1,0,54.0,Track Maintenance / PSR,108,1
IR00737499,12592,Shatabdi Express,2020-11-11,2020,11,2,0,0,1,0,0,Autumn,Eastern Railway (ER),ER,A,B,837,12,11.16,1,1,Diesel,0,6,0,0,0,0.0,0.32,0.95,0.3,39.3,27.7,0,0,6.5,56.9,0,0,0,62.2,On Time,5,0
IR00965716,11802,Mail/Express,2022-12-31,2022,12,5,13,1,0,0,0,Winter/Fog,South Eastern Railway (SER),SER,C,D,368,14,7.08,1,0,Diesel,0,0,0,0,0,0.0,0.22,0.74,0.65,14.8,6.3,0,0,7.5,74.9,0,0,1,59.2,Track Congestion,104,1
IR01853012,11969,Mail/Express,2023-07-18,2023,7,1,7,0,0,1,1,Monsoon,Northeast Frontier Railway (NFR),NFR,E,B,502,10,9.65,0,0,Electric (25kV AC),1,2,0,1,0,0.0,0.22,0.58,0.88,11.8,21.0,0,0,5.8,59.1,0,0,0,58.1,Flooding / Waterlogging,114,1
IR00487389,12570,Shatabdi Express,2024-07-02,2024,7,1,18,0,0,1,0,Monsoon,South East Central Railway (SECR),SECR,C,A1,470,7,6.27,0,1,Electric (25kV AC),1,2,0,1,0,0.0,0.28,0.68,0.88,13.0,44.8,0,0,7.2,84.3,0,0,0,64.2,Track Maintenance / PSR,140,1
IR00090665,11988,Mail/Express,2022-09-18,2022,9,6,10,1,0,0,1,Monsoon,Eastern Railway (ER),ER,B,C,573,10,11.02,0,0,Electric (25kV AC),1,1,0,1,0,0.0,0.32,0.95,0.78,11.8,17.2,0,1,7.3,64.5,0,0,0,54.6,Track Maintenance / PSR,100,1
IR01628506,12367,Jan Shatabdi Express,2024-11-13,2024,11,2,19,0,0,1,0,Autumn,North Western Railway (NWR),NWR,B,A1,364,12,6.28,1,0,Electric (25kV AC),1,4,0,0,0,0.0,0.58,0.75,0.3,5.1,23.3,0,0,5.5,73.7,0,0,1,71.0,On Time,6,0
IR01662176,12878,Garib Rath Express,2021-08-12,2021,8,3,17,0,0,1,0,Monsoon,South East Central Railway (SECR),SECR,C,C,953,9,14.66,0,0,Electric (25kV AC),1,3,0,1,0,0.0,0.28,0.68,0.9,23.2,15.9,1,1,4.0,65.5,0,1,0,43.8,Flooding / Waterlogging,123,1
IR00614371,74696,DEMU/MEMU,2024-07-06,2024,7,5,22,1,1,0,0,Monsoon,North Central Railway (NCR),NCR,C,E,154,17,3.67,0,0,Electric (25kV AC),1,1,0,1,0,0.0,0.82,0.9,0.88,22.3,21.8,1,0,7.2,87.8,0,0,0,46.6,Flooding / Waterlogging,150,1
IR01105650,19226,Intercity Express,2022-03-10,2022,3,3,7,0,0,1,0,Summer,Northeast Frontier Railway (NFR),NFR,E,B,298,12,5.42,0,1,Electric (25kV AC),1,1,0,0,0,0.0,0.22,0.58,0.25,29.8,25.2,0,0,7.1,86.5,0,1,0,84.4,On Time,6,0
IR01734755,74284,DEMU/MEMU,2024-10-05,2024,10,5,9,1,0,0,0,Post-Monsoon,North Eastern Railway (NER),NER,A,E,187,17,4.45,0,0,Electric (25kV AC),1,2,0,0,0,0.0,0.78,0.82,0.42,10.3,17.9,1,0,7.6,76.2,0,1,0,42.2,Late Incoming Rake,127,1
IR01871055,51175,Passenger Train,2020-01-08,2020,1,2,17,0,0,1,0,Winter/Fog,North Central Railway (NCR),NCR,E,A1,245,10,6.45,1,1,Electric (25kV AC),1,3,0,0,0,0.0,0.82,0.9,0.78,3.9,13.9,0,0,4.0,77.1,0,0,0,47.6,Freight Priority,116,1
IR01018839,11859,Mail/Express,2021-08-09,2021,8,0,13,0,0,0,0,Monsoon,South Eastern Railway (SER),SER,E,D,489,14,9.4,1,1,Diesel,0,4,1,1,0,0.0,0.22,0.74,0.9,33.5,39.4,1,0,6.4,84.2,0,0,0,68.0,Track Congestion,112,1
IR01513902,12617,Rajdhani Express,2024-05-10,2024,5,4,16,0,0,0,1,Pre-Monsoon,Eastern Railway (ER),ER,A1,A1,1268,16,16.26,1,0,Electric (25kV AC),1,0,1,0,0,0.0,0.32,0.95,0.35,20.8,2.7,1,1,9.1,66.2,0,0,0,59.5,On Time,8,0
IR00429735,11924,Mail/Express,2024-11-05,2024,11,1,15,0,0,0,1,Autumn,North Western Railway (NWR),NWR,D,A,531,11,10.21,1,0,Electric (25kV AC),1,2,0,0,0,0.0,0.58,0.75,0.3,7.4,8.5,0,1,10.0,95.0,0,0,0,49.6,On Time,7,0
IR01827460,11836,Mail/Express,2020-05-20,2020,5,2,0,0,1,0,0,Pre-Monsoon,East Central Railway (ECR),ECR,A1,D,670,12,12.88,0,0,Electric (25kV AC),1,5,0,0,0,0.0,0.55,0.88,0.35,10.8,26.2,0,1,9.0,78.0,0,0,0,37.3,Station Congestion,223,1
IR00165162,19598,Intercity Express,2019-04-21,2019,4,6,14,1,0,0,0,Summer,North Western Railway (NWR),NWR,D,E,194,16,3.53,1,1,Electric (25kV AC),1,4,0,0,0,0.0,0.58,0.75,0.28,9.2,17.0,1,1,7.3,56.8,0,0,0,72.0,On Time,3,0
IR00895968,19549,Intercity Express,2022-05-23,2022,5,0,18,0,0,1,0,Pre-Monsoon,North Eastern Railway (NER),NER,B,C,278,12,5.05,1,0,Diesel,0,5,0,0,0,0.0,0.78,0.82,0.35,28.6,14.2,1,0,8.9,82.7,0,0,0,57.9,Technical Inspection,82,1
IR01428285,11447,Mail/Express,2019-12-10,2019,12,1,11,0,0,0,0,Winter/Fog,Northeast Frontier Railway (NFR),NFR,A1,B,863,13,16.6,1,0,Diesel,0,3,0,0,0,0.0,0.22,0.58,0.65,8.8,45.0,0,1,6.5,58.8,0,1,0,71.2,Late Incoming Rake,149,1
IR00415505,19549,Intercity Express,2018-01-25,2018,1,3,1,0,1,0,0,Winter/Fog,North Central Railway (NCR),NCR,B,A1,170,11,3.09,0,1,Electric (25kV AC),1,5,0,0,1,0.82,0.82,0.9,0.78,20.1,33.1,0,0,9.0,64.1,0,1,0,43.8,Signal Failure,142,1
IR01208521,12498,Superfast Express,2021-10-20,2021,10,2,13,0,0,0,0,Post-Monsoon,Northeast Frontier Railway (NFR),NFR,E,B,765,11,12.75,0,1,Electric (25kV AC),1,6,0,0,0,0.0,0.22,0.58,0.42,16.5,33.7,1,0,5.5,60.0,0,1,0,81.3,Late Incoming Rake,98,1
IR00118584,51546,Passenger Train,2018-01-16,2018,1,1,18,0,0,1,0,Winter/Fog,North Western Railway (NWR),NWR,D,A1,185,12,4.87,1,0,Electric (25kV AC),1,1,1,0,0,0.0,0.58,0.75,0.78,5.9,26.9,0,0,6.4,73.2,0,0,0,81.0,On Time,13,0
IR01534529,12956,Garib Rath Express,2023-07-10,2023,7,0,23,0,1,0,0,Monsoon,North Western Railway (NWR),NWR,A1,A,1228,19,18.89,1,1,Diesel,0,2,1,1,0,0.0,0.58,0.75,0.88,24.7,13.7,1,1,4.6,66.4,0,0,0,60.2,Track Maintenance / PSR,111,1
IR00850794,12263,Superfast Express,2019-07-04,2019,7,3,16,0,0,0,1,Monsoon,North Eastern Railway (NER),NER,E,E,980,12,16.33,1,0,Electric (25kV AC),1,5,0,1,0,0.0,0.78,0.82,0.88,10.3,20.9,0,1,9.8,48.3,0,0,0,51.7,Track Congestion,88,1
IR00823939,51638,Passenger Train,2024-10-13,2024,10,6,19,1,0,1,0,Post-Monsoon,Eastern Railway (ER),ER,A,C,166,12,4.37,1,0,Diesel,0,5,0,0,0,0.0,0.32,0.95,0.42,15.8,45.0,1,0,5.6,47.5,0,0,0,39.3,Loco / Engine Failure,194,1
IR00126183,19127,Intercity Express,2022-04-21,2022,4,3,4,0,1,0,1,Summer,South Central Railway (SCR),SCR,A,D,236,8,4.29,1,1,Diesel,0,3,1,0,0,0.0,0.04,0.72,0.28,20.3,8.5,0,1,4.6,83.3,0,0,0,76.8,On Time,7,0
IR01181685,19612,Intercity Express,2024-06-30,2024,6,6,18,1,0,1,0,Monsoon,South Western Railway (SWR),SWR,A1,D,448,15,8.15,1,0,Electric (25kV AC),1,3,0,1,0,0.0,0.02,0.6,0.82,9.7,24.7,1,0,10.0,67.4,0,0,0,80.1,On Time,9,0
IR00754537,12561,Superfast Express,2019-09-26,2019,9,3,6,0,0,1,0,Monsoon,East Coast Railway (ECoR),ECoR,A1,C,694,17,11.57,1,0,Electric (25kV AC),1,2,0,1,0,0.0,0.18,0.7,0.78,28.3,16.4,0,0,4.9,86.6,0,0,0,59.9,Track Congestion,79,1
IR01771879,51909,Passenger Train,2023-08-08,2023,8,1,21,0,0,0,0,Monsoon,Western Railway (WR),WR,E,C,205,9,5.39,1,0,Electric (25kV AC),1,5,0,1,0,0.0,0.05,0.83,0.9,6.5,16.5,0,0,5.8,84.0,0,1,0,57.3,Flooding / Waterlogging,173,1
IR01819767,19835,Intercity Express,2019-04-23,2019,4,1,0,0,1,0,1,Summer,West Central Railway (WCR),WCR,C,A,340,9,6.18,0,0,Diesel,0,3,0,0,0,0.0,0.42,0.8,0.28,17.0,21.7,0,1,10.0,79.5,0,1,0,74.2,Late Incoming Rake,126,1
IR01044252,51961,Passenger Train,2022-11-06,2022,11,6,18,1,0,1,0,Autumn,Northeast Frontier Railway (NFR),NFR,D,B,233,6,6.13,1,1,Electric (25kV AC),1,3,0,0,0,0.0,0.22,0.58,0.3,16.0,12.6,0,1,4.6,71.6,0,0,0,84.4,On Time,3,0
IR00815066,74568,DEMU/MEMU,2024-07-15,2024,7,0,8,0,0,1,0,Monsoon,South East Central Railway (SECR),SECR,C,C,134,9,3.19,1,1,Dual,1,6,1,1,0,0.0,0.28,0.68,0.88,25.7,17.6,0,1,8.0,30.0,0,0,1,58.4,Track Maintenance / PSR,162,1
IR00368184,11428,Mail/Express,2018-06-09,2018,6,5,15,1,0,0,0,Monsoon,Northeast Frontier Railway (NFR),NFR,B,D,948,9,18.23,1,0,Electric (25kV AC),1,6,0,1,0,0.0,0.22,0.58,0.82,18.9,15.0,1,0,6.2,54.4,0,0,0,80.1,On Time,10,0
IR00821959,51694,Passenger Train,2020-02-19,2020,2,2,15,0,0,0,0,Winter/Fog,Northeast Frontier Railway (NFR),NFR,B,C,330,12,8.68,1,0,Electric (25kV AC),1,7,0,0,0,0.0,0.22,0.58,0.72,9.4,27.7,0,1,8.7,84.9,0,0,1,70.9,Crew Availability,129,1
IR00539029,19946,Intercity Express,2020-10-12,2020,10,0,17,0,0,1,0,Post-Monsoon,South Western Railway (SWR),SWR,C,D,300,10,5.45,1,1,Electric (25kV AC),1,2,0,0,0,0.0,0.02,0.6,0.42,38.4,24.2,1,0,6.8,57.1,0,0,0,66.4,On Time,7,0
IR00871183,11347,Mail/Express,2022-07-25,2022,7,0,18,0,0,1,0,Monsoon,East Coast Railway (ECoR),ECoR,E,C,599,14,11.52,1,1,Electric (25kV AC),1,1,0,1,0,0.0,0.18,0.7,0.88,28.9,14.4,1,1,7.0,93.2,0,1,1,66.1,Track Congestion,161,1
IR00406389,22415,Humsafar Express,2023-03-24,2023,3,4,10,0,0,0,1,Summer,Southern Railway (SR),SR,C,C,1243,16,19.12,1,0,Electric (25kV AC),1,0,0,0,0,0.0,0.02,0.65,0.25,38.7,11.6,1,0,7.6,88.0,0,0,0,93.7,On Time,2,0
IR00448485,74166,DEMU/MEMU,2022-11-06,2022,11,6,8,1,0,1,0,Autumn,Western Railway (WR),WR,C,D,113,10,2.69,1,0,Electric (25kV AC),1,4,0,0,0,0.0,0.05,0.83,0.3,9.1,24.4,1,1,6.6,68.2,0,1,0,63.9,Late Incoming Rake,129,1
IR01122703,12405,Superfast Express,2021-12-27,2021,12,0,8,0,0,1,0,Winter/Fog,East Coast Railway (ECoR),ECoR,C,C,678,7,11.3,0,1,Electric (25kV AC),1,4,0,0,0,0.18,0.18,0.7,0.65,4.7,25.6,0,0,5.6,94.6,0,0,0,57.4,On Time,12,0
IR00616139,19385,Intercity Express,2020-09-11,2020,9,4,7,0,0,1,0,Monsoon,North Eastern Railway (NER),NER,C,A,329,16,5.98,1,0,Diesel,0,1,0,1,0,0.0,0.78,0.82,0.78,10.3,45.0,0,0,9.2,72.0,0,0,0,50.6,Track Congestion,132,1
IR00337411,11279,Mail/Express,2024-03-13,2024,3,2,6,0,0,1,0,Summer,Central Railway (CR),CR,C,D,362,12,6.96,0,1,Electric (25kV AC),1,2,0,0,0,0.0,0.05,0.85,0.25,7.1,39.0,0,0,3.9,90.3,0,0,0,74.0,On Time,12,0
IR01695531,12170,Jan Shatabdi Express,2020-04-26,2020,4,6,8,1,0,1,0,Summer,North Western Railway (NWR),NWR,E,C,244,19,4.21,1,0,Electric (25kV AC),1,3,0,0,0,0.0,0.58,0.75,0.28,25.5,27.2,1,1,8.2,66.1,0,0,0,70.5,On Time,3,0
IR00543558,11436,Mail/Express,2023-11-25,2023,11,5,17,1,0,1,0,Autumn,South Western Railway (SWR),SWR,C,C,659,9,12.67,0,1,Electric (25kV AC),1,6,0,0,0,0.0,0.02,0.6,0.3,10.0,31.2,1,1,4.9,39.4,0,0,0,77.0,On Time,4,0
IR01746754,12187,Duronto Express,2022-08-13,2022,8,5,8,1,0,1,0,Monsoon,South East Central Railway (SECR),SECR,C,A,1103,5,15.32,1,0,Diesel,0,0,0,1,0,0.0,0.28,0.68,0.9,14.9,13.8,0,0,8.5,60.2,0,0,0,59.4,Flooding / Waterlogging,73,1
IR01832500,11347,Mail/Express,2018-04-29,2018,4,6,15,1,0,0,0,Summer,Central Railway (CR),CR,A1,E,777,16,14.94,1,1,Electric (25kV AC),1,1,0,0,0,0.0,0.05,0.85,0.28,18.9,39.7,1,0,5.1,81.8,0,0,0,54.9,Level Crossing Delay,93,1
IR00301566,11258,Mail/Express,2022-08-13,2022,8,5,10,1,0,0,0,Monsoon,Western Railway (WR),WR,E,E,536,8,10.31,1,0,Diesel,0,4,0,1,0,0.0,0.05,0.83,0.9,7.1,5.9,0,1,6.6,75.7,0,1,0,77.3,Flooding / Waterlogging,174,1
IR00086823,51706,Passenger Train,2020-05-11,2020,5,0,12,0,0,0,0,Pre-Monsoon,Northeast Frontier Railway (NFR),NFR,D,D,221,14,5.82,1,0,Electric (25kV AC),1,5,0,0,0,0.0,0.22,0.58,0.35,9.7,16.0,1,1,8.1,83.3,0,1,0,72.0,Late Incoming Rake,219,1
IR00073347,74813,DEMU/MEMU,2019-08-18,2019,8,6,22,1,1,0,0,Monsoon,East Coast Railway (ECoR),ECoR,E,C,237,10,5.64,1,1,Electric (25kV AC),1,0,0,1,0,0.0,0.18,0.7,0.9,14.3,9.0,1,1,6.3,58.6,0,0,0,63.4,Track Congestion,127,1
IR01438991,12163,Superfast Express,2023-12-18,2023,12,0,11,0,0,0,0,Winter/Fog,South Western Railway (SWR),SWR,B,C,716,11,11.93,1,0,Electric (25kV AC),1,5,0,0,0,0.0,0.02,0.6,0.65,4.7,6.7,0,1,6.3,97.8,0,0,0,84.8,Level Crossing Delay,73,1
IR01820089,11416,Mail/Express,2024-04-20,2024,4,5,22,1,1,0,0,Summer,Western Railway (WR),WR,E,C,607,11,11.67,1,0,Electric (25kV AC),1,4,0,0,0,0.0,0.05,0.83,0.28,7.5,45.0,1,0,5.2,80.0,0,1,0,61.7,Late Incoming Rake,115,1
IR01715233,74319,DEMU/MEMU,2023-12-07,2023,12,3,8,0,0,1,0,Winter/Fog,Eastern Railway (ER),ER,A1,C,117,7,2.79,1,0,Electric (25kV AC),1,1,0,0,1,0.32,0.32,0.95,0.65,11.8,14.6,0,1,4.6,68.5,0,0,0,50.5,Unscheduled Halt,134,1
IR00564305,22339,Vande Bharat Express,2021-08-15,2021,8,6,20,1,0,1,0,Monsoon,North Eastern Railway (NER),NER,E,D,437,9,4.6,1,1,Electric (25kV AC),1,4,0,1,0,0.0,0.78,0.82,0.9,4.2,20.3,0,1,6.6,65.0,0,0,0,62.1,Track Maintenance / PSR,64,1
IR01254966,12373,Garib Rath Express,2022-05-28,2022,5,5,20,1,0,1,0,Pre-Monsoon,Western Railway (WR),WR,E,B,1300,12,20.0,1,0,Electric (25kV AC),1,5,0,0,0,0.0,0.05,0.83,0.35,36.1,20.6,0,1,6.8,78.4,0,0,0,65.5,Unscheduled Halt,177,1
IR00769125,12605,Shatabdi Express,2019-07-15,2019,7,0,16,0,0,0,0,Monsoon,South Western Railway (SWR),SWR,E,B,452,9,6.03,0,0,Dual,1,4,0,1,0,0.0,0.02,0.6,0.88,40.0,44.8,1,0,7.6,44.6,0,0,0,78.3,Flooding / Waterlogging,76,1
IR00310910,12770,Superfast Express,2023-05-18,2023,5,3,8,0,0,1,0,Pre-Monsoon,Northern Railway (NR),NR,B,D,659,13,10.98,0,0,Electric (25kV AC),1,2,0,0,0,0.0,0.88,0.92,0.35,10.5,29.3,1,1,7.6,81.6,0,0,0,53.9,Track Congestion,122,1
IR00014011,12649,Garib Rath Express,2022-01-05,2022,1,2,6,0,0,1,0,Winter/Fog,South Central Railway (SCR),SCR,E,C,484,10,7.45,0,0,Electric (25kV AC),1,1,0,0,0,0.04,0.04,0.72,0.78,10.6,37.7,1,1,4.5,84.3,0,0,0,74.2,Passenger Emergency,157,1
IR01288668,11897,Mail/Express,2023-03-13,2023,3,0,13,0,0,0,0,Summer,North Central Railway (NCR),NCR,C,B,615,12,11.83,1,0,Electric (25kV AC),1,3,0,0,0,0.0,0.82,0.9,0.25,7.0,45.0,0,1,6.1,84.5,0,1,0,65.1,Late Incoming Rake,127,1
IR00757640,22335,Humsafar Express,2021-12-02,2021,12,3,7,0,0,1,1,Winter/Fog,Central Railway (CR),CR,C,E,863,16,13.28,1,0,Electric (25kV AC),1,3,0,0,0,0.05,0.05,0.85,0.65,14.3,4.4,1,0,5.6,77.4,0,1,0,66.4,Late Incoming Rake,110,1
IR00808844,11870,Mail/Express,2019-05-14,2019,5,1,17,0,0,1,0,Pre-Monsoon,South East Central Railway (SECR),SECR,D,E,637,13,12.25,1,1,Electric (25kV AC),1,4,0,0,0,0.0,0.28,0.68,0.35,10.4,7.3,1,1,8.9,80.7,0,1,0,76.8,On Time,8,0
IR00886866,12921,Shatabdi Express,2022-08-28,2022,8,6,21,1,0,0,0,Monsoon,South Eastern Railway (SER),SER,E,B,797,10,10.63,1,1,Electric (25kV AC),1,2,0,1,0,0.0,0.22,0.74,0.9,5.2,7.2,0,0,8.1,44.4,0,0,0,69.2,On Time,8,0
IR01724536,12509,Duronto Express,2021-01-20,2021,1,2,9,0,0,0,0,Winter/Fog,South East Central Railway (SECR),SECR,B,E,1023,7,14.21,1,1,Diesel,0,4,0,0,0,0.28,0.28,0.68,0.78,22.8,17.4,1,1,10.0,62.4,0,0,0,70.2,Track Congestion,132,1
IR01073569,22951,Humsafar Express,2024-09-10,2024,9,1,16,0,0,0,0,Monsoon,South East Central Railway (SECR),SECR,E,D,1357,11,20.88,1,1,Electric (25kV AC),1,3,0,1,0,0.0,0.28,0.68,0.78,6.4,45.0,1,0,7.3,76.3,0,0,0,64.7,Flooding / Waterlogging,101,1
IR01108762,11334,Mail/Express,2018-03-12,2018,3,0,18,0,0,1,0,Summer,South Western Railway (SWR),SWR,C,E,491,10,9.44,1,1,Electric (25kV AC),1,0,0,0,0,0.0,0.02,0.6,0.25,5.5,15.5,1,1,7.9,84.1,0,1,0,76.7,Track Congestion,119,1
IR01316530,74647,DEMU/MEMU,2020-08-16,2020,8,6,11,1,0,0,0,Monsoon,West Central Railway (WCR),WCR,E,C,130,21,3.1,0,1,Electric (25kV AC),1,4,0,1,0,0.0,0.42,0.8,0.9,11.5,4.9,0,0,7.5,83.1,0,1,0,52.7,Flooding / Waterlogging,141,1
IR01066525,11883,Mail/Express,2019-04-19,2019,4,4,11,0,0,0,0,Summer,Central Railway (CR),CR,C,B,544,8,10.46,1,1,Electric (25kV AC),1,3,1,0,0,0.0,0.05,0.85,0.28,10.8,13.3,0,0,3.8,91.9,0,0,0,65.8,On Time,10,0
IR01399149,12192,Shatabdi Express,2024-08-29,2024,8,3,9,0,0,0,0,Monsoon,South Central Railway (SCR),SCR,C,E,407,11,5.43,0,0,Electric (25kV AC),1,6,0,1,0,0.0,0.04,0.72,0.9,8.4,24.3,0,1,8.0,30.0,0,0,0,73.3,Track Congestion,126,1
IR01489034,12884,Rajdhani Express,2019-08-21,2019,8,2,16,0,0,0,0,Monsoon,East Central Railway (ECR),ECR,A,E,1262,13,16.18,1,1,Electric (25kV AC),1,4,1,1,0,0.0,0.55,0.88,0.9,5.1,26.1,0,0,1.4,78.6,0,0,0,57.2,Track Congestion,121,1
IR00168093,12915,Superfast Express,2022-07-15,2022,7,4,21,0,0,0,0,Monsoon,South Central Railway (SCR),SCR,A1,A1,482,14,8.03,1,0,Electric (25kV AC),1,4,0,1,0,0.0,0.04,0.72,0.88,9.2,27.9,1,1,7.5,89.2,0,0,0,65.9,On Time,12,0
IR01066420,11907,Mail/Express,2020-10-21,2020,10,2,9,0,0,0,0,Post-Monsoon,Western Railway (WR),WR,E,D,612,7,11.77,0,0,Electric (25kV AC),1,4,0,0,0,0.0,0.05,0.83,0.42,7.5,30.7,1,1,6.2,45.5,0,0,0,62.0,Level Crossing Delay,87,1
IR01529764,74459,DEMU/MEMU,2024-07-24,2024,7,2,12,0,0,0,1,Monsoon,North Central Railway (NCR),NCR,D,D,137,14,3.26,1,1,Electric (25kV AC),1,4,0,1,0,0.0,0.82,0.9,0.88,23.4,27.3,1,0,3.2,77.0,0,1,0,55.2,Track Maintenance / PSR,151,1
IR01577912,82348,Tejas Express,2020-06-19,2020,6,4,5,0,0,0,0,Monsoon,South Western Railway (SWR),SWR,D,C,679,14,8.49,1,1,Electric (25kV AC),1,4,0,1,0,0.0,0.02,0.6,0.82,8.6,45.0,1,1,7.8,70.5,0,0,0,77.3,Flooding / Waterlogging,82,1
IR00513046,11299,Mail/Express,2023-03-22,2023,3,2,1,0,1,0,0,Summer,North Western Railway (NWR),NWR,A,C,532,13,10.23,1,0,Electric (25kV AC),1,0,0,0,0,0.0,0.58,0.75,0.25,6.4,6.6,0,1,5.9,30.0,0,0,0,61.1,Signal Failure,156,1
IR00147005,12702,Garib Rath Express,2018-05-23,2018,5,2,21,0,0,0,0,Pre-Monsoon,South Western Railway (SWR),SWR,C,A,657,16,10.11,1,1,Electric (25kV AC),1,5,0,0,0,0.0,0.02,0.6,0.35,7.9,3.5,1,1,6.2,58.8,0,0,0,85.4,On Time,6,0
IR00663003,12203,Superfast Express,2023-07-07,2023,7,4,9,0,0,0,0,Monsoon,South Central Railway (SCR),SCR,D,D,1774,9,29.57,0,0,Diesel,0,2,0,1,0,0.0,0.04,0.72,0.88,3.1,35.9,1,0,5.4,52.9,0,0,0,58.9,Track Maintenance / PSR,114,1
IR00187673,12555,Sampark Kranti Express,2020-11-11,2020,11,2,15,0,0,0,0,Autumn,Central Railway (CR),CR,B,A,927,11,14.95,0,1,Electric (25kV AC),1,4,0,0,0,0.0,0.05,0.85,0.3,12.2,29.4,1,0,6.9,62.3,0,0,0,57.7,On Time,6,0
IR00772880,12937,Superfast Express,2021-05-21,2021,5,4,1,0,1,0,0,Pre-Monsoon,South Central Railway (SCR),SCR,E,D,799,15,13.32,0,1,Electric (25kV AC),1,1,0,0,0,0.0,0.04,0.72,0.35,11.7,38.6,1,1,3.5,75.2,0,0,0,68.8,On Time,2,0
IR00402911,12782,Superfast Express,2020-12-25,2020,12,4,18,0,0,1,0,Winter/Fog,East Coast Railway (ECoR),ECoR,B,B,1063,13,17.72,1,0,Electric (25kV AC),1,6,0,0,0,0.0,0.18,0.7,0.65,27.9,29.9,1,1,6.3,83.8,0,0,0,59.2,On Time,1,0
IR01492530,11193,Mail/Express,2024-11-19,2024,11,1,9,0,0,0,0,Autumn,Central Railway (CR),CR,D,C,540,14,10.38,0,1,Electric (25kV AC),1,4,0,0,0,0.0,0.05,0.85,0.3,6.9,23.3,0,0,9.8,59.0,0,0,0,53.8,Level Crossing Delay,88,1
IR00549525,11689,Mail/Express,2018-02-18,2018,2,6,15,1,0,0,0,Winter/Fog,South East Central Railway (SECR),SECR,D,E,918,13,17.65,1,0,Electric (25kV AC),1,7,1,0,0,0.0,0.28,0.68,0.72,9.8,25.6,1,1,6.4,83.9,0,0,0,62.4,On Time,13,0
IR01331823,12253,Jan Shatabdi Express,2021-10-16,2021,10,5,10,1,0,0,0,Post-Monsoon,East Coast Railway (ECoR),ECoR,A,D,343,15,5.91,0,1,Electric (25kV AC),1,4,0,0,0,0.0,0.18,0.7,0.42,7.4,4.5,1,0,6.9,44.4,0,0,0,66.5,On Time,9,0
IR00472586,19144,Intercity Express,2019-05-23,2019,5,3,7,0,0,1,1,Pre-Monsoon,North Central Railway (NCR),NCR,B,C,390,12,7.09,0,1,Electric (25kV AC),1,5,0,0,0,0.0,0.82,0.9,0.35,23.4,19.7,0,0,7.3,52.6,0,0,0,58.4,Signal Failure,142,1
IR01181928,22510,Vande Bharat Express,2023-05-14,2023,5,6,19,1,0,1,0,Pre-Monsoon,South Western Railway (SWR),SWR,A,B,514,11,5.41,1,0,Diesel,0,1,0,0,0,0.0,0.02,0.6,0.35,12.9,18.3,0,0,8.6,74.8,0,0,0,86.5,On Time,11,0
IR01486298,74100,DEMU/MEMU,2018-08-23,2018,8,3,5,0,0,0,1,Monsoon,South Central Railway (SCR),SCR,D,E,218,9,5.19,1,0,Electric (25kV AC),1,2,0,1,0,0.0,0.04,0.72,0.9,14.0,22.4,1,1,8.2,74.4,0,0,0,71.4,Flooding / Waterlogging,138,1
IR01539069,11503,Mail/Express,2020-12-29,2020,12,1,7,0,0,1,1,Winter/Fog,Eastern Railway (ER),ER,C,C,743,10,14.29,0,1,Dual,1,3,0,0,1,0.32,0.32,0.95,0.65,13.1,32.4,0,1,3.4,72.6,0,0,0,43.4,Signal Failure,104,1
IR00195718,12300,Superfast Express,2022-04-15,2022,4,4,8,0,0,1,0,Summer,North Eastern Railway (NER),NER,E,D,1387,13,23.12,1,0,Electric (25kV AC),1,7,0,0,0,0.0,0.78,0.82,0.28,12.3,23.2,0,0,6.6,51.4,0,1,0,53.3,Late Incoming Rake,183,1
IR00386133,12876,Rajdhani Express,2023-10-05,2023,10,3,17,0,0,1,1,Post-Monsoon,Western Railway (WR),WR,D,C,1119,12,14.35,1,1,Electric (25kV AC),1,2,0,0,0,0.0,0.05,0.83,0.42,8.5,35.8,0,0,6.4,76.3,0,1,0,76.0,On Time,7,0
IR01179792,22845,Humsafar Express,2018-08-11,2018,8,5,15,1,0,0,0,Monsoon,Northern Railway (NR),NR,C,C,1063,15,16.35,1,0,Electric (25kV AC),1,2,0,1,0,0.0,0.88,0.92,0.9,26.8,13.0,1,0,7.2,47.0,0,1,0,52.0,Flooding / Waterlogging,162,1
IR00938142,11422,Mail/Express,2024-09-13,2024,9,4,10,0,0,0,0,Monsoon,East Coast Railway (ECoR),ECoR,A,E,819,11,15.75,1,0,Electric (25kV AC),1,4,0,1,0,0.0,0.18,0.7,0.78,9.2,14.9,1,1,8.4,64.3,0,0,0,46.7,Flooding / Waterlogging,97,1
IR00936662,12475,Jan Shatabdi Express,2024-06-04,2024,6,1,5,0,0,0,0,Monsoon,Northern Railway (NR),NR,E,C,542,11,9.34,0,1,Diesel,0,2,0,1,0,0.0,0.88,0.92,0.82,22.5,45.0,1,1,8.5,78.9,0,1,0,46.9,Flooding / Waterlogging,121,1
IR00983032,51437,Passenger Train,2022-06-28,2022,6,1,9,0,0,0,0,Monsoon,South Eastern Railway (SER),SER,E,C,301,12,7.92,1,0,Electric (25kV AC),1,5,0,1,0,0.0,0.22,0.74,0.82,32.4,35.6,1,0,6.1,87.6,0,0,0,59.4,Track Maintenance / PSR,120,1
IR01405875,19321,Intercity Express,2022-03-30,2022,3,2,15,0,0,0,0,Summer,West Central Railway (WCR),WCR,D,C,367,8,6.67,1,0,Electric (25kV AC),1,5,0,0,0,0.0,0.42,0.8,0.25,9.6,24.0,1,0,7.2,30.0,0,1,0,60.9,Late Incoming Rake,113,1
IR01165424,74473,DEMU/MEMU,2021-12-04,2021,12,5,14,1,0,0,0,Winter/Fog,South East Central Railway (SECR),SECR,E,A,168,15,4.0,0,0,Electric (25kV AC),1,4,0,0,0,0.0,0.28,0.68,0.65,14.4,24.9,0,1,8.1,95.1,0,1,0,65.1,Late Incoming Rake,157,1
IR00044407,11799,Mail/Express,2023-08-05,2023,8,5,19,1,0,1,0,Monsoon,Eastern Railway (ER),ER,A,B,455,8,8.75,0,1,Electric (25kV AC),1,4,1,1,0,0.0,0.32,0.95,0.9,6.6,40.1,0,1,1.2,96.4,0,1,0,49.7,Flooding / Waterlogging,136,1
IR00102481,22720,Humsafar Express,2019-03-04,2019,3,0,8,0,0,1,1,Summer,East Central Railway (ECR),ECR,C,C,780,14,12.0,1,0,Electric (25kV AC),1,5,0,0,0,0.0,0.55,0.88,0.25,12.3,37.4,1,1,6.2,79.2,0,0,0,68.2,On Time,2,0
IR01343411,11934,Mail/Express,2024-07-09,2024,7,1,16,0,0,0,0,Monsoon,Southern Railway (SR),SR,C,E,740,6,14.23,0,0,Electric (25kV AC),1,1,0,1,0,0.0,0.02,0.65,0.88,4.2,11.1,0,1,8.7,64.3,0,1,0,59.4,Track Congestion,129,1
IR00412778,11171,Mail/Express,2020-07-21,2020,7,1,15,0,0,0,0,Monsoon,Central Railway (CR),CR,E,D,784,20,15.08,1,0,Electric (25kV AC),1,3,0,1,0,0.0,0.05,0.85,0.88,10.7,16.2,0,0,5.5,50.0,0,0,1,54.5,Track Maintenance / PSR,106,1
IR00346998,12420,Superfast Express,2019-12-11,2019,12,2,6,0,0,1,0,Winter/Fog,South Eastern Railway (SER),SER,C,E,773,15,12.88,1,0,Electric (25kV AC),1,7,0,0,0,0.22,0.22,0.74,0.65,1.2,6.6,1,1,6.9,76.3,0,1,0,68.1,Station Congestion,112,1
IR00354352,11325,Mail/Express,2021-12-18,2021,12,5,20,1,0,1,0,Winter/Fog,East Coast Railway (ECoR),ECoR,E,D,760,20,14.62,1,0,Electric (25kV AC),1,8,0,0,0,0.0,0.18,0.7,0.65,40.0,21.9,1,0,8.8,96.5,0,1,0,78.2,Late Incoming Rake,137,1
IR00112843,11540,Mail/Express,2019-08-26,2019,8,0,14,0,0,0,0,Monsoon,Northeast Frontier Railway (NFR),NFR,C,A,504,17,9.69,1,1,Electric (25kV AC),1,5,0,1,0,0.0,0.22,0.58,0.9,4.0,14.4,1,0,7.2,80.8,0,0,1,67.5,On Time,10,0
IR01204942,12422,Superfast Express,2022-01-28,2022,1,4,19,0,0,1,0,Winter/Fog,East Coast Railway (ECoR),ECoR,D,D,745,15,12.42,1,0,Electric (25kV AC),1,4,0,0,0,0.0,0.18,0.7,0.78,13.9,24.3,0,1,4.9,64.0,0,1,0,63.3,Late Incoming Rake,110,1
IR01064877,11675,Mail/Express,2019-02-13,2019,2,2,15,0,0,0,0,Winter/Fog,South Western Railway (SWR),SWR,B,E,1006,16,19.35,1,0,Electric (25kV AC),1,4,0,0,0,0.0,0.02,0.6,0.72,15.6,21.6,1,0,8.7,89.7,0,0,0,76.2,On Time,10,0
IR00641042,12340,Shatabdi Express,2022-05-02,2022,5,0,15,0,0,0,0,Pre-Monsoon,South Western Railway (SWR),SWR,E,B,495,10,6.6,1,0,Electric (25kV AC),1,3,0,0,0,0.0,0.02,0.6,0.35,34.1,10.7,0,0,3.8,66.2,0,0,0,70.6,On Time,8,0
IR01196215,11480,Mail/Express,2022-02-27,2022,2,6,6,1,0,1,1,Winter/Fog,East Central Railway (ECR),ECR,B,D,584,11,11.23,1,0,Electric (25kV AC),1,1,0,0,1,0.55,0.55,0.88,0.72,8.6,1.4,1,1,5.5,84.8,0,0,0,57.6,Track Congestion,164,1
IR00506826,19111,Intercity Express,2023-11-27,2023,11,0,14,0,0,0,0,Autumn,South Western Railway (SWR),SWR,D,E,334,13,6.07,1,0,Electric (25kV AC),1,4,1,0,0,0.0,0.02,0.6,0.3,4.8,26.8,0,1,7.5,46.1,0,0,0,95.0,On Time,1,0
IR01353669,11213,Mail/Express,2019-12-16,2019,12,0,20,0,0,1,0,Winter/Fog,Western Railway (WR),WR,C,B,726,10,13.96,1,0,Electric (25kV AC),1,1,0,0,0,0.0,0.05,0.83,0.65,3.5,17.9,0,0,8.4,91.5,0,0,0,66.2,On Time,11,0
IR00579269,19326,Intercity Express,2022-08-26,2022,8,4,10,0,0,0,0,Monsoon,Western Railway (WR),WR,A,E,245,9,4.45,1,1,Electric (25kV AC),1,2,0,1,0,0.0,0.05,0.83,0.9,13.4,13.4,1,1,6.2,72.4,0,0,0,71.7,Track Congestion,172,1
IR01629856,11143,Mail/Express,2024-08-10,2024,8,5,6,1,0,1,0,Monsoon,Central Railway (CR),CR,E,C,465,13,8.94,1,1,Electric (25kV AC),1,4,1,1,0,0.0,0.05,0.85,0.9,15.0,22.1,1,0,9.5,71.3,0,0,0,61.4,Track Maintenance / PSR,139,1
IR00320882,51655,Passenger Train,2024-08-04,2024,8,6,18,1,0,1,0,Monsoon,South East Central Railway (SECR),SECR,A,A,288,16,7.58,0,0,Electric (25kV AC),1,3,0,1,0,0.0,0.28,0.68,0.9,1.9,12.2,1,0,7.0,82.6,0,0,1,60.9,Track Maintenance / PSR,170,1
IR01797555,19394,Intercity Express,2022-04-10,2022,4,6,17,1,0,1,0,Summer,Southern Railway (SR),SR,D,A,294,10,5.35,1,1,Electric (25kV AC),1,5,0,0,0,0.0,0.02,0.65,0.28,4.8,45.0,1,1,5.8,81.5,0,0,0,87.3,On Time,9,0
IR00203396,11625,Mail/Express,2022-02-27,2022,2,6,14,1,0,0,0,Winter/Fog,Central Railway (CR),CR,A,D,509,9,9.79,1,0,Electric (25kV AC),1,1,0,0,0,0.0,0.05,0.85,0.72,5.6,8.8,1,1,7.5,74.0,0,0,0,51.9,Track Congestion,101,1
IR01874761,12589,Superfast Express,2022-07-05,2022,7,1,19,0,0,1,0,Monsoon,Northeast Frontier Railway (NFR),NFR,B,A1,786,9,13.1,1,1,Electric (25kV AC),1,6,0,1,0,0.0,0.22,0.58,0.88,28.7,16.1,1,1,7.5,53.5,0,1,0,68.1,Track Maintenance / PSR,127,1
IR00123003,12892,Sampark Kranti Express,2019-12-02,2019,12,0,8,0,0,1,0,Winter/Fog,Northern Railway (NR),NR,A,B,876,13,14.13,1,0,Electric (25kV AC),1,3,0,0,1,0.88,0.88,0.92,0.65,2.4,40.8,0,0,5.6,80.7,0,0,1,43.7,Track Congestion,93,1
IR00767927,19170,Intercity Express,2019-04-11,2019,4,3,9,0,0,0,0,Summer,South Western Railway (SWR),SWR,A1,E,339,11,6.16,0,0,Electric (25kV AC),1,5,0,0,0,0.0,0.02,0.6,0.28,9.9,29.5,1,0,6.8,84.2,0,0,0,70.1,On Time,4,0
IR00046541,22265,Vande Bharat Express,2022-06-07,2022,6,1,18,0,0,1,1,Monsoon,East Coast Railway (ECoR),ECoR,D,D,290,8,3.05,0,0,Electric (25kV AC),1,5,0,1,0,0.0,0.18,0.7,0.82,7.9,16.9,0,0,7.5,68.2,0,0,1,79.2,On Time,4,0
IR00462840,12644,Shatabdi Express,2024-11-15,2024,11,4,17,0,0,1,1,Autumn,North Western Railway (NWR),NWR,C,E,590,15,7.87,1,0,Electric (25kV AC),1,1,1,0,0,0.0,0.58,0.75,0.3,22.8,22.8,0,0,5.9,97.3,0,1,0,61.9,On Time,3,0
IR01184104,11806,Mail/Express,2024-10-19,2024,10,5,20,1,0,1,0,Post-Monsoon,Central Railway (CR),CR,D,A,371,14,7.13,1,1,Electric (25kV AC),1,5,1,0,0,0.0,0.05,0.85,0.42,20.4,12.0,0,0,3.2,70.1,0,0,0,67.5,On Time,9,0
IR01083301,19108,Intercity Express,2018-03-29,2018,3,3,8,0,0,1,0,Summer,North Eastern Railway (NER),NER,D,C,233,14,4.24,0,1,Electric (25kV AC),1,2,0,0,0,0.0,0.78,0.82,0.25,19.7,20.6,1,1,4.9,59.9,0,1,0,67.3,Late Incoming Rake,130,1
IR00507501,11251,Mail/Express,2021-07-17,2021,7,5,11,1,0,0,0,Monsoon,North Central Railway (NCR),NCR,E,A1,680,10,13.08,1,0,Electric (25kV AC),1,2,0,1,0,0.0,0.82,0.9,0.88,10.7,12.8,0,0,7.7,88.4,0,0,0,48.3,Flooding / Waterlogging,165,1
IR00817554,74209,DEMU/MEMU,2018-11-07,2018,11,2,12,0,0,0,1,Autumn,Southern Railway (SR),SR,B,A1,116,11,2.76,1,0,Electric (25kV AC),1,1,0,0,0,0.0,0.02,0.65,0.3,13.0,11.7,1,1,6.8,68.1,0,1,0,66.0,Track Congestion,132,1
IR01386237,11147,Mail/Express,2019-07-10,2019,7,2,18,0,0,1,0,Monsoon,North Central Railway (NCR),NCR,E,A1,580,13,11.15,1,1,Diesel,0,2,0,1,0,0.0,0.82,0.9,0.88,28.6,6.7,1,0,8.1,69.4,0,0,1,47.3,Flooding / Waterlogging,106,1
IR01770631,12558,Superfast Express,2020-03-24,2020,3,1,19,0,0,1,0,Summer,Northeast Frontier Railway (NFR),NFR,E,D,620,11,10.33,1,0,Electric (25kV AC),1,2,0,0,0,0.0,0.22,0.58,0.25,5.9,36.6,0,1,6.8,34.6,0,0,0,81.1,On Time,0,0
IR00143925,12151,Jan Shatabdi Express,2021-06-03,2021,6,3,17,0,0,1,0,Monsoon,Central Railway (CR),CR,A1,E,435,16,7.5,0,0,Dual,1,2,0,1,0,0.0,0.05,0.85,0.82,37.7,45.0,1,1,3.8,73.0,0,0,0,49.4,Flooding / Waterlogging,107,1
IR00003245,11463,Mail/Express,2021-03-26,2021,3,4,7,0,0,1,0,Summer,North Western Railway (NWR),NWR,E,E,308,13,5.92,1,0,Diesel,0,7,0,0,0,0.0,0.58,0.75,0.25,24.4,33.6,1,1,6.0,80.5,0,1,1,75.5,Station Congestion,174,1
IR00698476,12982,Superfast Express,2022-04-24,2022,4,6,5,1,0,0,0,Summer,South East Central Railway (SECR),SECR,D,C,750,8,12.5,1,0,Electric (25kV AC),1,5,0,0,0,0.0,0.28,0.68,0.28,14.7,10.7,0,1,6.2,69.6,0,0,0,78.9,On Time,9,0
IR01774496,12647,Superfast Express,2021-08-25,2021,8,2,6,0,0,1,0,Monsoon,East Coast Railway (ECoR),ECoR,B,C,874,10,14.57,0,0,Electric (25kV AC),1,5,1,1,0,0.0,0.18,0.7,0.9,4.4,19.7,1,1,7.8,82.8,0,1,0,58.6,Flooding / Waterlogging,137,1
IR01363634,74683,DEMU/MEMU,2018-08-26,2018,8,6,6,1,0,1,0,Monsoon,South Eastern Railway (SER),SER,B,E,292,17,6.95,1,0,Electric (25kV AC),1,1,0,1,0,0.0,0.22,0.74,0.9,18.7,19.2,1,1,5.5,84.8,0,1,0,57.2,Track Congestion,186,1
IR00803142,12694,Shatabdi Express,2021-06-29,2021,6,1,17,0,0,1,0,Monsoon,Southern Railway (SR),SR,E,E,292,19,3.89,0,1,Diesel,0,7,0,1,0,0.0,0.02,0.65,0.82,13.4,20.2,1,1,5.8,68.5,0,0,0,70.7,Flooding / Waterlogging,70,1
IR00923144,12871,Jan Shatabdi Express,2021-05-11,2021,5,1,23,0,1,0,0,Pre-Monsoon,South Western Railway (SWR),SWR,A,E,374,14,6.45,1,0,Electric (25kV AC),1,3,0,0,0,0.0,0.02,0.6,0.35,3.9,26.0,1,0,5.8,85.6,0,0,0,84.5,On Time,6,0
IR01530071,11529,Mail/Express,2020-07-08,2020,7,2,14,0,0,0,0,Monsoon,South East Central Railway (SECR),SECR,B,C,654,21,12.58,0,0,Electric (25kV AC),1,3,0,1,0,0.0,0.28,0.68,0.88,10.5,3.1,1,0,4.5,53.5,0,1,0,74.5,Track Maintenance / PSR,156,1
IR01088580,19703,Intercity Express,2023-06-07,2023,6,2,5,0,0,0,1,Monsoon,North Western Railway (NWR),NWR,C,D,271,15,4.93,0,0,Electric (25kV AC),1,1,0,1,0,0.0,0.58,0.75,0.82,3.0,7.0,1,0,8.2,71.3,0,0,0,59.4,Track Congestion,108,1
IR01124385,12600,Superfast Express,2018-04-07,2018,4,5,23,1,1,0,1,Summer,South Western Railway (SWR),SWR,E,A,903,10,15.05,0,0,Electric (25kV AC),1,2,0,0,0,0.0,0.02,0.6,0.28,25.0,21.1,0,0,4.3,87.5,0,1,0,61.3,Track Congestion,163,1
IR00447059,19814,Intercity Express,2021-06-23,2021,6,2,10,0,0,0,0,Monsoon,East Central Railway (ECR),ECR,D,B,333,14,6.05,1,0,Electric (25kV AC),1,3,0,1,0,0.0,0.55,0.88,0.82,31.4,19.1,1,0,3.4,82.1,0,0,0,53.5,Track Congestion,217,1
IR01274346,74457,DEMU/MEMU,2023-12-02,2023,12,5,17,1,0,1,0,Winter/Fog,South Central Railway (SCR),SCR,E,C,160,16,3.81,1,0,Electric (25kV AC),1,3,0,0,0,0.0,0.04,0.72,0.65,10.0,27.0,1,1,7.9,57.6,0,0,0,65.2,On Time,6,0
IR00644564,12262,Sampark Kranti Express,2018-01-25,2018,1,3,22,0,1,0,0,Winter/Fog,Central Railway (CR),CR,A,D,1079,13,17.4,0,0,Electric (25kV AC),1,1,0,0,0,0.0,0.05,0.85,0.78,16.8,39.8,1,1,8.7,95.8,0,0,0,60.7,Freight Priority,113,1
IR00449399,12922,Sampark Kranti Express,2018-08-15,2018,8,2,5,0,0,0,1,Monsoon,Southern Railway (SR),SR,B,A,1050,12,16.94,0,1,Electric (25kV AC),1,6,0,1,0,0.0,0.02,0.65,0.9,21.9,33.3,1,0,6.5,45.0,0,1,0,68.0,Flooding / Waterlogging,135,1
IR00574825,74273,DEMU/MEMU,2024-08-21,2024,8,2,11,0,0,0,0,Monsoon,Southern Railway (SR),SR,E,E,141,7,3.36,0,0,Electric (25kV AC),1,3,0,1,0,0.0,0.02,0.65,0.9,3.9,45.0,1,1,10.0,86.8,0,0,0,70.4,Track Maintenance / PSR,121,1
IR00736367,11472,Mail/Express,2022-06-16,2022,6,3,8,0,0,1,0,Monsoon,Western Railway (WR),WR,A,E,662,9,12.73,0,1,Electric (25kV AC),1,6,0,1,0,0.0,0.05,0.83,0.82,40.0,36.7,1,1,6.7,82.7,0,0,0,52.0,Track Maintenance / PSR,243,1
IR00301587,12426,Superfast Express,2020-10-23,2020,10,4,8,0,0,1,0,Post-Monsoon,North Western Railway (NWR),NWR,A1,A1,729,14,12.15,1,0,Electric (25kV AC),1,2,0,0,0,0.0,0.58,0.75,0.42,40.0,42.4,0,1,5.4,64.6,0,0,0,79.3,On Time,5,0
IR01352347,11884,Mail/Express,2023-06-29,2023,6,3,14,0,0,0,0,Monsoon,Southern Railway (SR),SR,E,C,606,20,11.65,1,0,Electric (25kV AC),1,4,0,1,0,0.0,0.02,0.65,0.82,21.7,14.9,1,1,6.2,39.2,0,0,0,83.0,Track Maintenance / PSR,130,1
IR00821774,12141,Rajdhani Express,2021-01-06,2021,1,2,8,0,0,1,1,Winter/Fog,South Central Railway (SCR),SCR,A,B,1702,10,21.82,0,0,Diesel,0,1,0,0,0,0.04,0.04,0.72,0.78,25.8,20.5,0,1,2.8,58.6,0,0,0,66.3,Loco / Engine Failure,67,1
IR01320352,11675,Mail/Express,2022-07-04,2022,7,0,13,0,0,0,0,Monsoon,South Central Railway (SCR),SCR,D,A,581,8,11.17,1,0,Diesel,0,6,0,1,0,0.0,0.04,0.72,0.88,3.7,25.1,1,1,7.0,91.8,0,1,0,58.8,Track Congestion,167,1
IR00965861,12570,Sampark Kranti Express,2018-03-06,2018,3,1,17,0,0,1,0,Summer,Northern Railway (NR),NR,B,E,893,8,14.4,1,0,Electric (25kV AC),1,5,0,0,0,0.0,0.88,0.92,0.25,6.1,16.9,0,0,6.2,70.7,0,1,0,61.6,Track Congestion,154,1
IR00796867,51517,Passenger Train,2019-12-27,2019,12,4,22,0,1,0,1,Winter/Fog,South East Central Railway (SECR),SECR,C,E,303,11,7.97,0,1,Electric (25kV AC),1,2,0,0,0,0.0,0.28,0.68,0.65,7.8,15.4,0,1,1.8,68.3,0,1,0,63.4,Station Congestion,216,1
IR01127737,12697,Shatabdi Express,2018-09-16,2018,9,6,18,1,0,1,1,Monsoon,North Central Railway (NCR),NCR,C,D,611,14,8.15,1,1,Electric (25kV AC),1,0,0,1,0,0.0,0.82,0.9,0.78,19.3,15.8,1,0,7.6,70.0,0,0,0,75.8,Track Maintenance / PSR,95,1
IR01528109,22871,Vande Bharat Express,2019-02-25,2019,2,0,18,0,0,1,0,Winter/Fog,Eastern Railway (ER),ER,A,A1,788,12,8.29,0,0,Electric (25kV AC),1,2,0,0,0,0.0,0.32,0.95,0.72,7.6,39.0,1,1,6.8,70.8,0,0,0,38.1,Unscheduled Halt,104,1
IR00045484,12354,Sampark Kranti Express,2023-10-01,2023,10,6,11,1,0,0,1,Post-Monsoon,South Western Railway (SWR),SWR,D,E,742,18,11.97,1,1,Electric (25kV AC),1,3,0,0,0,0.0,0.02,0.6,0.42,5.1,45.0,1,0,8.6,84.5,0,0,0,76.7,On Time,4,0
IR01803594,12406,Garib Rath Express,2024-01-08,2024,1,0,20,0,0,1,0,Winter/Fog,North Central Railway (NCR),NCR,E,B,909,14,13.98,0,0,Electric (25kV AC),1,8,0,0,0,0.0,0.82,0.9,0.78,14.5,19.5,0,0,5.5,30.0,0,1,0,58.7,Late Incoming Rake,131,1
IR00707193,12159,Shatabdi Express,2023-11-01,2023,11,2,9,0,0,0,0,Autumn,Southern Railway (SR),SR,B,A,537,14,7.16,0,1,Electric (25kV AC),1,2,1,0,0,0.0,0.02,0.65,0.3,12.7,40.0,1,1,6.2,68.4,0,0,0,89.5,On Time,9,0
IR00620761,12475,Garib Rath Express,2020-10-17,2020,10,5,9,1,0,0,0,Post-Monsoon,Western Railway (WR),WR,A,B,1388,12,21.35,1,0,Electric (25kV AC),1,3,0,0,0,0.0,0.05,0.83,0.42,22.0,10.3,0,1,5.8,63.2,0,0,0,58.9,Passenger Emergency,106,1
IR00934998,11857,Mail/Express,2018-08-21,2018,8,1,19,0,0,1,0,Monsoon,Southern Railway (SR),SR,A1,D,393,19,7.56,0,1,Diesel,0,5,0,1,0,0.0,0.02,0.65,0.9,22.3,5.4,0,0,5.3,52.6,0,1,0,80.3,Track Maintenance / PSR,225,1
IR01366137,74674,DEMU/MEMU,2024-09-22,2024,9,6,7,1,0,1,0,Monsoon,South Western Railway (SWR),SWR,B,C,125,8,2.98,1,0,Electric (25kV AC),1,3,0,1,0,0.0,0.02,0.6,0.78,13.8,29.2,1,1,2.0,76.9,0,1,0,62.2,Track Congestion,205,1
IR00073609,22930,Humsafar Express,2021-03-21,2021,3,6,14,1,0,0,0,Summer,South East Central Railway (SECR),SECR,E,A1,552,11,8.49,1,1,Electric (25kV AC),1,6,0,0,0,0.0,0.28,0.68,0.25,16.8,45.0,0,0,5.0,68.3,0,1,0,69.3,On Time,12,0
IR00022534,11168,Mail/Express,2024-04-28,2024,4,6,15,1,0,0,0,Summer,Eastern Railway (ER),ER,C,D,533,10,10.25,1,0,Electric (25kV AC),1,4,0,0,0,0.0,0.32,0.95,0.28,12.7,7.8,1,0,6.8,89.0,0,1,0,45.6,Late Incoming Rake,172,1
IR01214614,12952,Duronto Express,2018-12-21,2018,12,4,23,0,1,0,0,Winter/Fog,South Central Railway (SCR),SCR,A,B,1054,20,14.64,1,1,Electric (25kV AC),1,5,0,0,0,0.0,0.04,0.72,0.65,2.3,45.0,1,1,10.0,75.0,0,0,0,78.6,On Time,9,0
IR01053124,11914,Mail/Express,2018-04-03,2018,4,1,5,0,0,0,0,Summer,Northern Railway (NR),NR,E,E,517,17,9.94,0,0,Diesel,0,2,0,0,0,0.0,0.88,0.92,0.28,3.6,22.5,1,1,6.8,72.5,0,1,0,57.9,Late Incoming Rake,151,1
IR01316794,11722,Mail/Express,2019-04-01,2019,4,0,20,0,0,1,1,Summer,South East Central Railway (SECR),SECR,B,A,1028,20,19.77,1,0,Electric (25kV AC),1,4,0,0,0,0.0,0.28,0.68,0.28,5.9,28.8,1,0,5.3,63.9,0,1,0,57.8,Station Congestion,274,1
IR00909910,12923,Superfast Express,2023-04-24,2023,4,0,14,0,0,0,0,Summer,South East Central Railway (SECR),SECR,C,D,629,13,10.48,1,1,Diesel,0,2,0,0,0,0.0,0.28,0.68,0.28,30.7,26.9,1,1,5.4,56.2,0,1,0,78.7,Late Incoming Rake,118,1
IR00755984,12513,Sampark Kranti Express,2020-11-05,2020,11,3,19,0,0,1,0,Autumn,Northern Railway (NR),NR,B,C,842,17,13.58,0,1,Dual,1,1,0,0,0,0.0,0.88,0.92,0.3,3.3,12.8,1,0,8.5,81.6,0,0,0,53.9,On Time,13,0
IR00491426,19987,Intercity Express,2018-12-03,2018,12,0,21,0,0,0,0,Winter/Fog,South Western Railway (SWR),SWR,D,E,451,10,8.2,0,0,Electric (25kV AC),1,3,0,0,0,0.0,0.02,0.6,0.65,16.8,21.1,1,0,5.4,33.2,0,0,0,79.3,Crew Availability,125,1
IR00658685,19683,Intercity Express,2022-04-23,2022,4,5,18,1,0,1,0,Summer,South Western Railway (SWR),SWR,D,E,306,12,5.56,1,0,Electric (25kV AC),1,3,0,0,0,0.0,0.02,0.6,0.28,23.5,22.7,0,0,9.3,79.1,0,1,1,91.8,On Time,13,0
IR01342294,11770,Mail/Express,2018-10-07,2018,10,6,6,1,0,1,0,Post-Monsoon,North Eastern Railway (NER),NER,C,A1,1308,16,25.15,1,1,Electric (25kV AC),1,7,1,0,0,0.0,0.78,0.82,0.42,11.1,15.6,1,1,8.2,75.0,0,0,0,69.7,On Time,8,0
IR00988577,11883,Mail/Express,2023-04-04,2023,4,1,21,0,0,0,0,Summer,Southern Railway (SR),SR,A,B,611,10,11.75,1,1,Electric (25kV AC),1,1,0,0,0,0.0,0.02,0.65,0.28,36.0,15.4,0,0,6.6,79.3,0,0,0,77.9,On Time,3,0
IR00708469,22102,Vande Bharat Express,2022-10-12,2022,10,2,15,0,0,0,1,Post-Monsoon,North Western Railway (NWR),NWR,D,E,316,9,3.33,0,1,Electric (25kV AC),1,3,0,0,0,0.0,0.58,0.75,0.42,14.2,45.0,0,0,4.2,86.9,0,0,1,67.1,On Time,7,0
IR01739767,11150,Mail/Express,2022-08-14,2022,8,6,6,1,0,1,0,Monsoon,East Central Railway (ECR),ECR,E,B,822,11,15.81,0,0,Electric (25kV AC),1,4,0,1,0,0.0,0.55,0.88,0.9,26.3,22.6,0,0,5.6,86.5,0,0,0,55.1,Track Maintenance / PSR,305,1
IR01010498,11362,Mail/Express,2020-06-29,2020,6,0,5,0,0,0,0,Monsoon,South Western Railway (SWR),SWR,C,C,688,13,13.23,1,1,Diesel,0,2,0,1,0,0.0,0.02,0.6,0.82,33.5,18.3,1,1,5.7,50.8,0,0,0,85.7,Track Maintenance / PSR,95,1
IR01271479,11980,Mail/Express,2021-06-30,2021,6,2,18,0,0,1,0,Monsoon,South Eastern Railway (SER),SER,C,D,600,18,11.54,0,0,Electric (25kV AC),1,4,0,1,0,0.0,0.22,0.74,0.82,11.6,23.7,0,0,10.0,62.1,0,0,0,67.0,Track Maintenance / PSR,139,1
IR01410606,12918,Superfast Express,2020-01-25,2020,1,5,22,1,1,0,1,Winter/Fog,North Central Railway (NCR),NCR,C,C,875,8,14.58,1,0,Electric (25kV AC),1,1,0,0,0,0.0,0.82,0.9,0.78,10.4,17.5,0,0,3.9,58.4,0,0,0,54.3,On Time,5,0
IR00759483,22924,Humsafar Express,2020-04-15,2020,4,2,22,0,1,0,0,Summer,Central Railway (CR),CR,E,B,879,17,13.52,1,0,Electric (25kV AC),1,2,0,0,0,0.0,0.05,0.85,0.28,20.2,5.4,1,0,5.2,84.9,0,0,0,78.6,On Time,7,0
IR00003404,12480,Jan Shatabdi Express,2024-05-03,2024,5,4,8,0,0,1,0,Pre-Monsoon,East Central Railway (ECR),ECR,D,B,428,14,7.38,1,0,Electric (25kV AC),1,5,0,0,0,0.0,0.55,0.88,0.35,7.1,11.0,1,1,5.1,79.5,0,0,0,56.5,On Time,9,0
IR01725881,12856,Jan Shatabdi Express,2021-10-26,2021,10,1,16,0,0,0,0,Post-Monsoon,East Central Railway (ECR),ECR,E,D,369,11,6.36,1,0,Electric (25kV AC),1,5,0,0,0,0.0,0.55,0.88,0.42,2.3,26.6,0,1,9.9,78.7,0,0,0,52.4,Level Crossing Delay,137,1
IR00900347,12131,Garib Rath Express,2021-08-30,2021,8,0,22,0,1,0,0,Monsoon,Northeast Frontier Railway (NFR),NFR,C,E,788,9,12.12,1,1,Electric (25kV AC),1,2,0,1,0,0.0,0.22,0.58,0.9,10.1,14.9,0,0,5.7,89.1,0,1,0,80.1,Track Congestion,116,1
IR01226604,12870,Superfast Express,2019-03-03,2019,3,6,7,1,0,1,0,Summer,South Western Railway (SWR),SWR,C,D,723,14,12.05,1,1,Electric (25kV AC),1,2,1,0,0,0.0,0.02,0.6,0.25,26.5,31.9,1,1,6.6,79.3,0,0,0,95.0,On Time,12,0
IR00678359,12787,Superfast Express,2024-11-03,2024,11,6,18,1,0,1,0,Autumn,Northeast Frontier Railway (NFR),NFR,C,E,1129,17,18.82,0,1,Electric (25kV AC),1,2,0,0,0,0.0,0.22,0.58,0.3,22.9,4.3,0,1,9.3,65.0,0,1,0,64.1,Late Incoming Rake,106,1
IR01279282,12672,Rajdhani Express,2022-07-07,2022,7,3,22,0,1,0,0,Monsoon,West Central Railway (WCR),WCR,C,A1,1319,15,16.91,1,1,Electric (25kV AC),1,3,0,1,0,0.0,0.42,0.8,0.88,4.2,21.0,0,1,10.0,49.6,0,0,0,72.8,Track Congestion,106,1
IR01695632,12856,Superfast Express,2022-03-09,2022,3,2,6,0,0,1,0,Summer,Central Railway (CR),CR,A,A1,952,6,15.87,0,0,Electric (25kV AC),1,2,1,0,0,0.0,0.05,0.85,0.25,6.9,32.5,0,1,8.2,75.2,0,0,0,55.3,Level Crossing Delay,162,1
IR00282029,12774,Jan Shatabdi Express,2020-03-30,2020,3,0,18,0,0,1,0,Summer,Western Railway (WR),WR,D,E,274,14,4.72,1,0,Electric (25kV AC),1,1,0,0,0,0.0,0.05,0.83,0.25,5.1,23.7,0,0,5.0,34.8,0,0,0,73.3,On Time,9,0
IR00018949,22731,Vande Bharat Express,2019-08-18,2019,8,6,8,1,0,1,1,Monsoon,South Western Railway (SWR),SWR,A,A,497,10,5.23,1,0,Electric (25kV AC),1,2,0,1,0,0.0,0.02,0.6,0.9,14.7,44.9,1,1,1.4,43.3,0,1,0,95.0,On Time,3,0
IR00626941,74377,DEMU/MEMU,2024-05-02,2024,5,3,18,0,0,1,1,Pre-Monsoon,South Central Railway (SCR),SCR,D,D,144,6,3.43,1,1,Electric (25kV AC),1,4,0,0,0,0.0,0.04,0.72,0.35,4.9,25.6,1,0,6.8,93.5,0,0,0,66.5,Level Crossing Delay,111,1
IR01397569,12293,Superfast Express,2021-08-05,2021,8,3,7,0,0,1,0,Monsoon,Northern Railway (NR),NR,E,D,861,10,14.35,1,0,Electric (25kV AC),1,1,0,1,0,0.0,0.88,0.92,0.9,40.0,21.9,0,0,7.6,80.4,0,1,1,49.4,Track Maintenance / PSR,135,1
IR00445469,11706,Mail/Express,2024-04-18,2024,4,3,9,0,0,0,0,Summer,East Coast Railway (ECoR),ECoR,A1,C,619,15,11.9,1,0,Electric (25kV AC),1,4,0,0,0,0.0,0.18,0.7,0.28,20.1,17.1,0,0,7.3,69.2,0,0,0,52.7,On Time,3,0
IR00815944,74795,DEMU/MEMU,2024-05-21,2024,5,1,20,0,0,1,0,Pre-Monsoon,Central Railway (CR),CR,E,E,143,20,3.4,0,0,Electric (25kV AC),1,1,0,0,0,0.0,0.05,0.85,0.35,9.2,9.8,0,0,6.6,59.7,0,1,0,66.1,Late Incoming Rake,125,1
IR01232372,12555,Rajdhani Express,2023-08-24,2023,8,3,17,0,0,1,0,Monsoon,North Eastern Railway (NER),NER,A1,D,1158,9,14.85,1,0,Electric (25kV AC),1,5,0,1,0,0.0,0.78,0.82,0.9,2.7,9.4,1,0,1.6,65.2,0,0,0,58.3,Track Maintenance / PSR,122,1
IR00885275,51933,Passenger Train,2018-10-17,2018,10,2,6,0,0,1,0,Post-Monsoon,Central Railway (CR),CR,B,A1,198,13,5.21,0,0,Dual,1,3,1,0,0,0.0,0.05,0.85,0.42,27.4,11.5,1,1,4.8,30.0,0,1,0,60.5,Late Incoming Rake,181,1
IR01742001,12810,Shatabdi Express,2024-05-06,2024,5,0,19,0,0,1,1,Pre-Monsoon,North Central Railway (NCR),NCR,A1,E,535,9,7.13,1,0,Electric (25kV AC),1,2,0,0,0,0.0,0.82,0.9,0.35,9.3,31.3,0,0,9.8,30.0,0,0,0,78.6,On Time,13,0
IR01446276,12850,Jan Shatabdi Express,2020-06-08,2020,6,0,15,0,0,0,1,Monsoon,Northern Railway (NR),NR,D,C,257,8,4.43,0,0,Electric (25kV AC),1,3,0,1,0,0.0,0.88,0.92,0.82,29.1,7.0,0,0,8.1,68.6,0,0,0,55.4,Flooding / Waterlogging,115,1
IR01507991,11883,Mail/Express,2018-03-04,2018,3,6,16,1,0,0,0,Summer,North Central Railway (NCR),NCR,E,A1,359,13,6.9,0,0,Dual,1,3,0,0,0,0.0,0.82,0.9,0.25,6.5,12.3,1,0,5.3,93.1,0,0,0,55.7,Signal Failure,106,1
IR00725311,12278,Superfast Express,2022-10-17,2022,10,0,18,0,0,1,0,Post-Monsoon,South Eastern Railway (SER),SER,E,D,970,8,16.17,1,0,Electric (25kV AC),1,7,0,0,0,0.0,0.22,0.74,0.42,12.5,31.6,1,0,7.3,44.3,0,0,0,63.9,On Time,8,0
IR01405473,12816,Rajdhani Express,2021-07-04,2021,7,6,2,1,1,0,0,Monsoon,North Eastern Railway (NER),NER,A,B,939,6,12.04,0,1,Electric (25kV AC),1,3,0,1,0,0.0,0.78,0.82,0.88,37.0,19.4,1,1,8.9,67.4,0,0,0,56.2,Track Maintenance / PSR,92,1
IR01080524,74160,DEMU/MEMU,2021-04-19,2021,4,0,5,0,0,0,0,Summer,East Coast Railway (ECoR),ECoR,D,A,179,15,4.26,0,0,Electric (25kV AC),1,2,0,0,0,0.0,0.18,0.7,0.28,17.1,12.0,1,1,2.5,63.9,0,0,0,54.7,Signal Failure,96,1
IR00994647,74165,DEMU/MEMU,2018-06-05,2018,6,1,13,0,0,0,0,Monsoon,South Central Railway (SCR),SCR,A1,C,179,10,4.26,1,0,Electric (25kV AC),1,2,0,1,0,0.0,0.04,0.72,0.82,11.9,35.8,0,1,8.2,85.4,0,0,0,62.6,Flooding / Waterlogging,305,1
IR00800765,74696,DEMU/MEMU,2021-12-10,2021,12,4,17,0,0,1,0,Winter/Fog,South Central Railway (SCR),SCR,C,A1,99,13,2.36,1,0,Electric (25kV AC),1,0,0,0,0,0.0,0.04,0.72,0.65,6.4,45.0,0,0,7.3,86.0,0,0,0,78.1,On Time,12,0
IR01449696,22325,Humsafar Express,2018-04-11,2018,4,2,16,0,0,0,1,Summer,South Western Railway (SWR),SWR,B,A1,1038,16,15.97,0,0,Electric (25kV AC),1,0,0,0,0,0.0,0.02,0.6,0.28,20.0,45.0,1,0,4.5,70.9,0,0,0,77.4,On Time,1,0
IR01200248,19732,Intercity Express,2018-12-05,2018,12,2,22,0,1,0,0,Winter/Fog,Northeast Frontier Railway (NFR),NFR,E,B,384,10,6.98,1,0,Electric (25kV AC),1,2,1,0,0,0.0,0.22,0.58,0.65,9.0,26.8,0,1,5.2,56.8,0,0,0,70.4,On Time,6,0
IR00584522,11773,Mail/Express,2022-07-18,2022,7,0,15,0,0,0,0,Monsoon,North Eastern Railway (NER),NER,B,D,627,12,12.06,1,1,Electric (25kV AC),1,5,0,1,0,0.0,0.78,0.82,0.88,40.0,29.1,1,1,6.6,85.9,0,0,0,58.5,Track Maintenance / PSR,145,1
IR00346965,11598,Mail/Express,2019-06-14,2019,6,4,0,0,1,0,0,Monsoon,Eastern Railway (ER),ER,B,B,415,17,7.98,1,1,Electric (25kV AC),1,2,0,1,0,0.0,0.32,0.95,0.82,15.8,19.6,0,1,4.9,90.0,0,0,1,45.5,Flooding / Waterlogging,243,1
IR00459216,12868,Garib Rath Express,2022-09-09,2022,9,4,17,0,0,1,0,Monsoon,Western Railway (WR),WR,B,C,562,12,8.65,0,0,Electric (25kV AC),1,3,0,1,0,0.0,0.05,0.83,0.78,1.9,24.5,0,0,2.7,73.5,0,0,0,70.0,Track Maintenance / PSR,215,1
IR01618878,74159,DEMU/MEMU,2023-05-16,2023,5,1,23,0,1,0,0,Pre-Monsoon,East Coast Railway (ECoR),ECoR,C,B,118,16,2.81,0,0,Diesel,0,6,0,0,0,0.0,0.18,0.7,0.35,10.8,45.0,0,0,5.8,62.6,0,0,1,80.0,On Time,3,0
IR01713600,12901,Sampark Kranti Express,2021-08-08,2021,8,6,9,1,0,0,0,Monsoon,South East Central Railway (SECR),SECR,A,B,911,15,14.69,1,0,Electric (25kV AC),1,4,0,1,0,0.0,0.28,0.68,0.9,40.0,7.9,1,0,5.7,40.2,0,0,0,65.6,Track Maintenance / PSR,107,1
IR01295245,12845,Rajdhani Express,2020-12-22,2020,12,1,13,0,0,0,0,Winter/Fog,South Eastern Railway (SER),SER,A,D,1525,9,19.55,1,1,Electric (25kV AC),1,1,1,0,0,0.0,0.22,0.74,0.65,23.7,38.3,0,0,5.3,52.5,0,1,0,63.5,Late Incoming Rake,86,1
IR01747403,51736,Passenger Train,2020-08-03,2020,8,0,0,0,1,0,1,Monsoon,Western Railway (WR),WR,C,D,159,10,4.18,1,0,Electric (25kV AC),1,1,0,1,0,0.0,0.05,0.83,0.9,4.3,18.2,1,1,7.5,80.9,0,1,0,75.8,Flooding / Waterlogging,189,1
IR01836418,12581,Shatabdi Express,2024-12-28,2024,12,5,9,1,0,0,0,Winter/Fog,North Central Railway (NCR),NCR,D,E,396,8,5.28,0,1,Electric (25kV AC),1,3,0,0,1,0.82,0.82,0.9,0.65,16.3,30.8,1,0,7.7,71.2,0,0,1,59.3,Signal Failure,183,1
IR01110859,11218,Mail/Express,2018-05-29,2018,5,1,21,0,0,0,0,Pre-Monsoon,South East Central Railway (SECR),SECR,B,A1,519,14,9.98,1,0,Electric (25kV AC),1,4,0,0,0,0.0,0.28,0.68,0.35,8.9,37.8,0,1,3.6,92.8,0,0,0,77.7,On Time,7,0
IR00592706,12277,Sampark Kranti Express,2024-01-01,2024,1,0,7,0,0,1,0,Winter/Fog,North Eastern Railway (NER),NER,C,C,748,10,12.06,1,0,Electric (25kV AC),1,2,0,0,1,0.78,0.78,0.82,0.78,6.7,32.9,1,1,8.9,52.4,0,0,0,49.1,Track Congestion,123,1
IR00284683,11707,Mail/Express,2021-01-27,2021,1,2,6,0,0,1,0,Winter/Fog,North Central Railway (NCR),NCR,B,B,739,7,14.21,1,0,Electric (25kV AC),1,5,0,0,1,0.82,0.82,0.9,0.78,3.3,26.6,0,0,8.0,83.6,0,0,0,61.7,Signal Failure,109,1
IR01807112,74564,DEMU/MEMU,2018-09-29,2018,9,5,15,1,0,0,0,Monsoon,Northeast Frontier Railway (NFR),NFR,C,B,157,9,3.74,1,0,Electric (25kV AC),1,2,0,1,0,0.0,0.22,0.58,0.78,3.7,9.3,1,0,7.8,62.4,0,0,0,58.0,Flooding / Waterlogging,115,1
IR01641011,19832,Intercity Express,2020-01-29,2020,1,2,21,0,0,0,1,Winter/Fog,South Central Railway (SCR),SCR,E,C,381,14,6.93,0,0,Electric (25kV AC),1,3,0,0,0,0.0,0.04,0.72,0.78,9.3,9.1,1,0,5.9,78.6,0,0,0,69.1,Passenger Emergency,257,1
IR00142268,11776,Mail/Express,2024-06-27,2024,6,3,20,0,0,1,0,Monsoon,South Western Railway (SWR),SWR,A,E,867,6,16.67,1,0,Electric (25kV AC),1,6,0,1,0,0.0,0.02,0.6,0.82,13.3,2.1,0,1,8.9,80.2,0,0,0,84.8,On Time,11,0
IR01727797,74488,DEMU/MEMU,2021-02-19,2021,2,4,13,0,0,0,0,Winter/Fog,North Eastern Railway (NER),NER,E,C,117,13,2.79,0,0,Electric (25kV AC),1,6,0,0,0,0.0,0.78,0.82,0.72,4.3,10.2,0,0,4.8,73.4,0,1,0,46.9,Late Incoming Rake,153,1
IR00089611,51947,Passenger Train,2021-10-28,2021,10,3,16,0,0,0,0,Post-Monsoon,Eastern Railway (ER),ER,D,B,216,20,5.68,0,1,Electric (25kV AC),1,3,1,0,0,0.0,0.32,0.95,0.42,14.0,32.5,0,0,4.1,68.4,0,0,0,36.8,Track Congestion,139,1
IR01626097,22328,Vande Bharat Express,2018-01-20,2018,1,5,19,1,0,1,0,Winter/Fog,North Western Railway (NWR),NWR,D,A,391,7,4.12,0,0,Electric (25kV AC),1,3,0,0,0,0.0,0.58,0.75,0.78,7.3,16.1,1,1,6.9,93.7,0,1,0,59.3,Late Incoming Rake,98,1
IR01844876,22682,Vande Bharat Express,2022-11-26,2022,11,5,8,1,0,1,1,Autumn,East Central Railway (ECR),ECR,D,D,405,13,4.26,1,0,Electric (25kV AC),1,2,0,0,0,0.0,0.55,0.88,0.3,2.2,30.1,1,1,5.6,97.2,0,1,0,49.8,Late Incoming Rake,85,1
IR01272129,51646,Passenger Train,2023-07-07,2023,7,4,14,0,0,0,0,Monsoon,West Central Railway (WCR),WCR,E,B,262,11,6.89,1,0,Electric (25kV AC),1,3,0,1,0,0.0,0.42,0.8,0.88,5.9,28.7,1,0,5.4,82.3,0,1,0,52.5,Track Congestion,147,1
IR01227200,19660,Intercity Express,2020-06-09,2020,6,1,6,0,0,1,0,Monsoon,South Eastern Railway (SER),SER,B,E,381,11,6.93,1,0,Electric (25kV AC),1,2,0,1,0,0.0,0.22,0.74,0.82,1.9,25.5,0,1,3.3,68.9,0,1,0,60.7,Track Maintenance / PSR,161,1
IR01083263,11625,Mail/Express,2019-02-24,2019,2,6,10,1,0,0,0,Winter/Fog,East Coast Railway (ECoR),ECoR,B,E,720,10,13.85,1,0,Electric (25kV AC),1,2,0,0,0,0.0,0.18,0.7,0.72,25.5,22.9,1,1,5.3,77.7,0,0,0,69.5,Level Crossing Delay,99,1
IR00108738,12680,Superfast Express,2019-01-28,2019,1,0,8,0,0,1,0,Winter/Fog,Western Railway (WR),WR,D,A1,784,12,13.07,1,0,Dual,1,5,0,0,0,0.05,0.05,0.83,0.78,3.7,45.0,1,0,6.3,75.6,0,0,0,58.6,Unscheduled Halt,133,1
IR01025889,19894,Intercity Express,2022-08-18,2022,8,3,8,0,0,1,0,Monsoon,North Eastern Railway (NER),NER,B,C,255,6,4.64,1,1,Diesel,0,2,0,1,0,0.0,0.78,0.82,0.9,18.7,13.2,1,0,6.6,87.3,0,0,0,33.7,Track Maintenance / PSR,98,1
IR00872541,19594,Intercity Express,2019-09-30,2019,9,0,16,0,0,0,0,Monsoon,North Western Railway (NWR),NWR,A,E,306,16,5.56,1,0,Diesel,0,3,0,1,0,0.0,0.58,0.75,0.78,19.8,3.5,0,1,4.6,88.4,0,1,0,66.3,Track Congestion,161,1
IR00001628,11936,Mail/Express,2020-01-20,2020,1,0,22,0,1,0,0,Winter/Fog,Southern Railway (SR),SR,D,A,555,9,10.67,1,0,Electric (25kV AC),1,2,0,0,0,0.0,0.02,0.65,0.78,20.2,13.1,0,0,6.7,81.3,0,0,0,75.8,On Time,7,0
IR01461195,12578,Jan Shatabdi Express,2023-04-12,2023,4,2,17,0,0,1,1,Summer,East Coast Railway (ECoR),ECoR,A,E,1006,6,17.34,1,1,Electric (25kV AC),1,2,0,0,0,0.0,0.18,0.7,0.28,40.0,40.3,0,0,9.7,62.7,0,1,0,77.0,Track Congestion,209,1
IR00441478,22356,Vande Bharat Express,2021-05-21,2021,5,4,10,0,0,0,0,Pre-Monsoon,South East Central Railway (SECR),SECR,C,B,367,8,3.86,1,0,Electric (25kV AC),1,1,0,0,0,0.0,0.28,0.68,0.35,4.6,19.5,0,0,2.4,59.5,0,0,0,83.8,On Time,13,0
IR01824040,12442,Superfast Express,2018-06-11,2018,6,0,22,0,1,0,0,Monsoon,Eastern Railway (ER),ER,E,E,667,9,11.12,0,1,Electric (25kV AC),1,3,0,1,0,0.0,0.32,0.95,0.82,9.4,45.0,1,0,8.4,61.8,0,0,0,45.5,Flooding / Waterlogging,91,1
IR00218999,19279,Intercity Express,2020-06-29,2020,6,0,5,0,0,0,0,Monsoon,North Western Railway (NWR),NWR,A1,E,490,14,8.91,1,1,Electric (25kV AC),1,2,0,1,0,0.0,0.58,0.75,0.82,19.7,45.0,0,0,2.8,89.3,0,0,0,66.8,Track Congestion,105,1
IR00738069,11139,Mail/Express,2022-05-02,2022,5,0,8,0,0,1,0,Pre-Monsoon,West Central Railway (WCR),WCR,B,D,554,10,10.65,1,0,Electric (25kV AC),1,3,0,0,0,0.0,0.42,0.8,0.35,10.7,7.1,1,1,6.7,69.9,0,0,0,51.5,On Time,8,0
IR00174411,11980,Mail/Express,2023-06-19,2023,6,0,8,0,0,1,1,Monsoon,South Eastern Railway (SER),SER,B,D,499,12,9.6,0,0,Electric (25kV AC),1,5,0,1,0,0.0,0.22,0.74,0.82,14.6,11.9,1,1,6.7,59.4,0,1,0,75.8,Track Maintenance / PSR,171,1
IR01689128,11900,Mail/Express,2022-07-16,2022,7,5,7,1,0,1,1,Monsoon,Central Railway (CR),CR,C,C,725,11,13.94,1,1,Dual,1,3,0,1,0,0.0,0.05,0.85,0.88,10.6,31.7,1,0,9.1,51.5,0,0,0,58.3,Track Congestion,284,1
IR00352292,12589,Garib Rath Express,2021-12-10,2021,12,4,15,0,0,0,0,Winter/Fog,Southern Railway (SR),SR,A1,D,553,20,8.51,0,0,Diesel,0,2,0,0,0,0.0,0.02,0.65,0.65,25.2,36.5,0,1,6.4,65.9,0,0,0,79.2,Loco / Engine Failure,75,1
IR00313324,12679,Superfast Express,2018-05-17,2018,5,3,21,0,0,0,1,Pre-Monsoon,South Western Railway (SWR),SWR,D,A,558,15,9.3,1,0,Diesel,0,8,0,0,0,0.0,0.02,0.6,0.35,4.9,14.4,0,0,7.6,58.7,0,0,0,86.0,On Time,8,0
IR00289615,11943,Mail/Express,2024-09-13,2024,9,4,17,0,0,1,0,Monsoon,Central Railway (CR),CR,B,E,346,9,6.65,1,0,Electric (25kV AC),1,6,0,1,0,0.0,0.05,0.85,0.78,7.7,28.9,1,1,5.8,47.0,0,1,1,70.5,Flooding / Waterlogging,153,1
IR01386287,51712,Passenger Train,2022-05-23,2022,5,0,18,0,0,1,1,Pre-Monsoon,South East Central Railway (SECR),SECR,C,E,225,4,5.92,0,1,Electric (25kV AC),1,2,0,0,0,0.0,0.28,0.68,0.35,37.9,13.6,1,1,6.2,91.1,0,0,0,70.2,Signal Failure,94,1
IR01257113,12563,Superfast Express,2023-09-05,2023,9,1,22,0,1,0,0,Monsoon,Northeast Frontier Railway (NFR),NFR,C,A,830,14,13.83,0,1,Electric (25kV AC),1,3,0,1,0,0.0,0.22,0.58,0.78,21.3,20.2,1,0,6.2,65.8,0,1,0,74.5,Flooding / Waterlogging,115,1
IR00909678,12749,Garib Rath Express,2019-07-20,2019,7,5,6,1,0,1,0,Monsoon,Western Railway (WR),WR,E,E,920,20,14.15,1,1,Electric (25kV AC),1,2,1,1,0,0.0,0.05,0.83,0.88,15.5,15.0,1,0,7.1,55.2,0,0,0,67.3,Track Maintenance / PSR,112,1
IR01316119,11749,Mail/Express,2023-10-03,2023,10,1,15,0,0,0,0,Post-Monsoon,South Central Railway (SCR),SCR,C,A,804,13,15.46,1,0,Electric (25kV AC),1,3,0,0,0,0.0,0.04,0.72,0.42,38.5,6.0,0,0,5.6,63.8,0,0,0,71.9,On Time,6,0
IR00470848,74114,DEMU/MEMU,2024-11-25,2024,11,0,14,0,0,0,0,Autumn,North Western Railway (NWR),NWR,C,D,101,13,2.4,0,0,Electric (25kV AC),1,1,0,0,0,0.0,0.58,0.75,0.3,15.8,45.0,1,1,9.5,75.0,0,0,0,73.8,On Time,11,0
IR01601716,12515,Jan Shatabdi Express,2023-10-25,2023,10,2,7,0,0,1,1,Post-Monsoon,South Eastern Railway (SER),SER,B,D,373,13,6.43,0,0,Diesel,0,2,0,0,0,0.0,0.22,0.74,0.42,12.2,17.5,0,0,5.9,95.1,0,1,0,78.9,Late Incoming Rake,108,1
IR00363144,11535,Mail/Express,2019-05-27,2019,5,0,16,0,0,0,0,Pre-Monsoon,North Central Railway (NCR),NCR,B,E,383,14,7.37,1,0,Electric (25kV AC),1,4,0,0,0,0.0,0.82,0.9,0.35,13.1,28.4,1,0,6.9,79.2,0,1,0,58.5,Track Congestion,117,1
IR00833615,11548,Mail/Express,2023-05-02,2023,5,1,12,0,0,0,0,Pre-Monsoon,North Central Railway (NCR),NCR,C,C,611,12,11.75,1,1,Electric (25kV AC),1,6,0,0,0,0.0,0.82,0.9,0.35,15.1,21.3,1,1,6.4,71.9,0,1,0,73.9,Late Incoming Rake,242,1
IR01308456,11393,Mail/Express,2022-07-26,2022,7,1,13,0,0,0,0,Monsoon,South Eastern Railway (SER),SER,C,C,460,13,8.85,0,0,Diesel,0,5,0,1,0,0.0,0.22,0.74,0.88,16.9,19.5,1,1,7.1,79.2,0,0,1,64.5,Track Maintenance / PSR,114,1
IR00502110,12357,Jan Shatabdi Express,2018-06-07,2018,6,3,7,0,0,1,0,Monsoon,North Central Railway (NCR),NCR,C,B,485,9,8.36,0,0,Electric (25kV AC),1,5,0,1,0,0.0,0.82,0.9,0.82,13.6,13.7,0,0,9.0,53.9,0,0,1,46.6,Track Congestion,91,1
IR01015233,11659,Mail/Express,2023-04-07,2023,4,4,17,0,0,1,0,Summer,South Western Railway (SWR),SWR,B,A,668,7,12.85,0,0,Electric (25kV AC),1,1,0,0,0,0.0,0.02,0.6,0.28,11.8,45.0,0,0,7.5,96.6,0,0,0,74.5,On Time,8,0
IR00383794,12866,Shatabdi Express,2022-05-15,2022,5,6,0,1,1,0,1,Pre-Monsoon,North Eastern Railway (NER),NER,A,B,661,7,8.81,1,0,Electric (25kV AC),1,2,0,0,0,0.0,0.78,0.82,0.35,8.1,40.8,1,0,3.2,75.5,0,0,0,64.7,On Time,6,0
IR00846691,11973,Mail/Express,2022-10-29,2022,10,5,13,1,0,0,0,Post-Monsoon,West Central Railway (WCR),WCR,C,D,457,10,8.79,1,0,Electric (25kV AC),1,0,0,0,0,0.0,0.42,0.8,0.42,4.2,28.6,1,1,5.3,93.1,0,0,0,53.1,Station Congestion,125,1
IR01403247,51895,Passenger Train,2020-06-04,2020,6,3,5,0,0,0,0,Monsoon,South East Central Railway (SECR),SECR,B,C,330,13,8.68,1,1,Diesel,0,0,0,1,0,0.0,0.28,0.68,0.82,11.1,37.5,1,0,8.6,69.3,0,0,0,55.3,Flooding / Waterlogging,167,1
IR01500287,11411,Mail/Express,2023-09-18,2023,9,0,17,0,0,1,1,Monsoon,Southern Railway (SR),SR,A1,E,734,10,14.12,0,0,Electric (25kV AC),1,2,0,1,0,0.0,0.02,0.65,0.78,5.8,20.7,0,1,6.1,94.5,0,1,0,67.9,Track Maintenance / PSR,121,1
IR00097457,11881,Mail/Express,2019-08-12,2019,8,0,20,0,0,1,0,Monsoon,North Eastern Railway (NER),NER,B,C,652,14,12.54,1,0,Electric (25kV AC),1,3,0,1,0,0.0,0.78,0.82,0.9,18.7,18.5,1,1,6.7,61.3,0,1,0,58.7,Flooding / Waterlogging,133,1
IR00200050,74730,DEMU/MEMU,2021-12-08,2021,12,2,18,0,0,1,0,Winter/Fog,Central Railway (CR),CR,E,D,153,9,3.64,1,0,Diesel,0,3,0,0,0,0.0,0.05,0.85,0.65,20.8,18.8,1,1,8.1,62.8,0,1,0,65.4,Late Incoming Rake,140,1
IR00709801,11217,Mail/Express,2020-06-08,2020,6,0,8,0,0,1,1,Monsoon,North Central Railway (NCR),NCR,E,C,1062,20,20.42,1,0,Diesel,0,8,0,1,0,0.0,0.82,0.9,0.82,5.4,45.0,0,0,3.9,93.8,0,0,0,56.8,Flooding / Waterlogging,102,1
IR00752753,12336,Sampark Kranti Express,2019-10-28,2019,10,0,22,0,1,0,0,Post-Monsoon,Northeast Frontier Railway (NFR),NFR,D,C,541,15,8.73,1,0,Electric (25kV AC),1,3,0,0,0,0.0,0.22,0.58,0.42,5.0,45.0,1,1,7.5,57.6,0,0,0,87.6,On Time,0,0
IR01064568,19609,Intercity Express,2021-01-05,2021,1,1,16,0,0,0,0,Winter/Fog,North Central Railway (NCR),NCR,E,C,306,14,5.56,1,0,Electric (25kV AC),1,4,0,0,0,0.0,0.82,0.9,0.78,10.6,17.2,1,0,7.5,73.2,0,1,0,56.9,Late Incoming Rake,160,1
IR01512711,74302,DEMU/MEMU,2022-09-04,2022,9,6,15,1,0,0,0,Monsoon,North Eastern Railway (NER),NER,E,C,159,9,3.79,1,1,Electric (25kV AC),1,1,0,1,0,0.0,0.78,0.82,0.78,2.6,10.3,0,1,4.2,88.8,0,0,0,41.5,Flooding / Waterlogging,183,1
IR01838171,12504,Shatabdi Express,2019-03-25,2019,3,0,21,0,0,0,0,Summer,East Central Railway (ECR),ECR,A1,E,598,17,7.97,1,1,Electric (25kV AC),1,5,0,0,0,0.0,0.55,0.88,0.25,17.4,32.2,1,0,6.7,53.9,0,0,0,55.1,On Time,13,0
IR00512992,74353,DEMU/MEMU,2022-11-24,2022,11,3,17,0,0,1,0,Autumn,Eastern Railway (ER),ER,C,B,137,12,3.26,1,0,Electric (25kV AC),1,4,0,0,0,0.0,0.32,0.95,0.3,7.1,12.2,0,1,7.7,84.4,0,0,0,63.2,Track Congestion,118,1
IR00605492,74770,DEMU/MEMU,2018-07-06,2018,7,4,11,0,0,0,0,Monsoon,Eastern Railway (ER),ER,D,C,214,15,5.1,1,0,Electric (25kV AC),1,7,0,1,0,0.0,0.32,0.95,0.88,4.2,39.1,1,0,5.4,82.4,0,0,0,42.7,Track Maintenance / PSR,123,1
IR00415329,11643,Mail/Express,2021-02-21,2021,2,6,7,1,0,1,0,Winter/Fog,North Central Railway (NCR),NCR,B,D,423,12,8.13,0,1,Electric (25kV AC),1,0,0,0,1,0.82,0.82,0.9,0.72,12.8,23.3,1,0,4.7,89.6,0,0,0,50.2,Fog / Low Visibility,121,1
IR00146234,12616,Superfast Express,2023-12-06,2023,12,2,17,0,0,1,0,Winter/Fog,Northern Railway (NR),NR,C,A,1032,13,17.2,1,0,Electric (25kV AC),1,5,0,0,0,0.0,0.88,0.92,0.65,19.3,11.6,0,1,5.7,30.0,0,0,0,51.9,Station Congestion,93,1
IR00268399,22917,Vande Bharat Express,2023-08-11,2023,8,4,5,0,0,0,0,Monsoon,North Western Railway (NWR),NWR,D,B,501,8,5.27,1,0,Diesel,0,2,0,1,0,0.0,0.58,0.75,0.9,40.0,25.2,0,1,8.1,91.9,0,1,0,55.5,Track Congestion,108,1
IR01814794,12750,Shatabdi Express,2019-01-01,2019,1,1,8,0,0,1,0,Winter/Fog,Southern Railway (SR),SR,E,C,371,11,4.95,1,0,Electric (25kV AC),1,3,0,0,0,0.02,0.02,0.65,0.78,19.5,13.6,1,1,9.5,53.1,0,0,0,92.6,On Time,0,0
IR00225657,11434,Mail/Express,2020-11-16,2020,11,0,10,0,0,0,1,Autumn,Southern Railway (SR),SR,E,E,563,9,10.83,1,0,Electric (25kV AC),1,2,0,0,0,0.0,0.02,0.65,0.3,3.5,30.8,1,1,7.9,64.3,0,1,1,86.5,On Time,10,0
IR00923319,11735,Mail/Express,2024-08-19,2024,8,0,10,0,0,0,0,Monsoon,North Eastern Railway (NER),NER,A1,E,487,15,9.37,1,0,Electric (25kV AC),1,4,0,1,0,0.0,0.78,0.82,0.9,23.6,15.7,0,1,7.0,75.8,0,0,0,56.3,Track Maintenance / PSR,113,1
IR01275631,11808,Mail/Express,2019-06-08,2019,6,5,18,1,0,1,0,Monsoon,East Central Railway (ECR),ECR,B,A,541,13,10.4,1,0,Electric (25kV AC),1,5,0,1,0,0.0,0.55,0.88,0.82,7.2,45.0,1,1,10.0,36.1,0,0,0,52.7,Flooding / Waterlogging,97,1
IR00805487,19625,Intercity Express,2023-03-02,2023,3,3,0,0,1,0,0,Summer,South East Central Railway (SECR),SECR,C,E,259,8,4.71,1,1,Electric (25kV AC),1,6,0,0,0,0.0,0.28,0.68,0.25,40.0,36.6,0,1,6.1,87.4,0,0,0,74.7,Track Congestion,96,1
IR01813188,11490,Mail/Express,2018-01-06,2018,1,5,11,1,0,0,0,Winter/Fog,East Central Railway (ECR),ECR,E,C,1024,7,19.69,1,0,Electric (25kV AC),1,0,0,0,0,0.0,0.55,0.88,0.78,34.2,26.5,0,1,6.0,73.7,0,1,0,55.8,Late Incoming Rake,242,1
IR00772532,22448,Vande Bharat Express,2020-08-08,2020,8,5,0,1,1,0,1,Monsoon,Southern Railway (SR),SR,A,D,562,15,5.92,1,0,Electric (25kV AC),1,1,0,1,0,0.0,0.02,0.65,0.9,12.9,14.4,1,0,7.5,76.5,0,1,0,77.6,Flooding / Waterlogging,158,1
IR00565249,12206,Shatabdi Express,2018-02-05,2018,2,0,8,0,0,1,1,Winter/Fog,East Central Railway (ECR),ECR,C,B,321,9,4.28,0,0,Electric (25kV AC),1,1,0,0,1,0.55,0.55,0.88,0.72,19.2,19.1,1,0,5.9,56.5,0,0,0,46.7,Track Congestion,110,1
IR01252341,74299,DEMU/MEMU,2018-02-11,2018,2,6,5,1,0,0,1,Winter/Fog,Southern Railway (SR),SR,E,B,226,11,5.38,0,0,Electric (25kV AC),1,6,0,0,0,0.02,0.02,0.65,0.72,12.5,26.2,1,0,9.7,99.1,0,1,1,52.1,Station Congestion,131,1
IR00117604,11444,Mail/Express,2022-07-22,2022,7,4,22,0,1,0,0,Monsoon,Eastern Railway (ER),ER,D,C,493,10,9.48,1,1,Diesel,0,2,0,1,0,0.0,0.32,0.95,0.88,30.2,23.4,1,0,4.3,80.1,0,0,0,36.6,Flooding / Waterlogging,174,1
IR01653993,19540,Intercity Express,2018-07-14,2018,7,5,9,1,0,0,0,Monsoon,East Central Railway (ECR),ECR,A1,A1,417,12,7.58,1,0,Electric (25kV AC),1,0,0,1,0,0.0,0.55,0.88,0.88,8.1,37.7,0,0,3.6,73.9,0,0,0,48.8,Track Congestion,188,1
IR01246586,51738,Passenger Train,2022-04-26,2022,4,1,12,0,0,0,0,Summer,South East Central Railway (SECR),SECR,A,B,226,16,5.95,0,0,Diesel,0,2,0,0,0,0.0,0.28,0.68,0.28,19.5,27.0,1,1,8.1,97.9,0,0,1,43.5,Track Congestion,89,1
IR00562119,12396,Superfast Express,2021-03-24,2021,3,2,6,0,0,1,0,Summer,West Central Railway (WCR),WCR,A,A,513,12,8.55,0,1,Electric (25kV AC),1,2,1,0,0,0.0,0.42,0.8,0.25,17.3,8.4,0,1,6.8,81.9,0,1,0,66.8,On Time,0,0
IR00472885,11784,Mail/Express,2019-03-24,2019,3,6,16,1,0,0,0,Summer,Northeast Frontier Railway (NFR),NFR,C,B,299,14,5.75,1,0,Electric (25kV AC),1,3,0,0,0,0.0,0.22,0.58,0.25,15.5,21.0,1,0,6.4,65.7,0,1,0,75.3,On Time,7,0
IR00698480,51527,Passenger Train,2021-05-27,2021,5,3,13,0,0,0,1,Pre-Monsoon,East Coast Railway (ECoR),ECoR,B,B,223,3,5.87,0,0,Electric (25kV AC),1,1,0,0,0,0.0,0.18,0.7,0.35,2.5,26.3,1,1,2.0,76.9,0,0,0,63.2,Unscheduled Halt,117,1
IR00354774,11534,Mail/Express,2020-06-17,2020,6,2,17,0,0,1,1,Monsoon,Northern Railway (NR),NR,D,A1,664,12,12.77,1,1,Electric (25kV AC),1,2,0,1,0,0.0,0.88,0.92,0.82,6.3,17.3,0,0,6.5,70.8,0,0,0,50.8,Flooding / Waterlogging,145,1
